序号,微博ID,发布时间,内容,点赞数,评论数,转发数,IP属地,链接
1,5272859670743996,2026-03-04 21:32:53+08:00,健身打卡，30min练背，1h椭圆机有氧。健身补卡：上周力训90min，爬坡30min+1节网球课。 ,0,1,0,上海,https://m.weibo.cn/detail/5272859670743996
2,5270292341457010,2026-02-25 19:31:13+08:00,健身打卡，力量训练60分钟：全身热身循环。 ,0,1,0,上海,https://m.weibo.cn/detail/5270292341457010
3,5265234073747659,2026-02-11 20:31:28+08:00,健身打卡，力训90min，练胸+腿。 ,0,1,0,上海,https://m.weibo.cn/detail/5265234073747659
4,5262701695860986,2026-02-04 20:48:42+08:00,健身打卡，力训一小时，主要练背。健身补卡，昨天练胸一小时。 ,0,1,0,上海,https://m.weibo.cn/detail/5262701695860986
5,5260165331821982,2026-01-28 20:50:07+08:00,健身打卡，练背1h。 ,0,1,0,上海,https://m.weibo.cn/detail/5260165331821982
6,5258690712046057,2026-01-24 19:10:30+08:00,健身打卡，力训练胸1h，跑步机爬坡30min。 ,0,1,0,上海,https://m.weibo.cn/detail/5258690712046057
7,5257263512032375,2026-01-20 20:39:19+08:00,健身打卡，今日力训练背1h。 ,0,1,0,上海,https://m.weibo.cn/detail/5257263512032375
8,5255089939286999,2026-01-14 20:42:19+08:00,健身打卡，力训练背1h。 ,0,3,0,上海,https://m.weibo.cn/detail/5255089939286999
9,5254730890875556,2026-01-13 20:55:35+08:00,健身打卡，力训1h，主要练腿。 ,0,1,0,上海,https://m.weibo.cn/detail/5254730890875556
10,5253996631824037,2026-01-11 20:17:54+08:00,健身打卡，今日力训60min，主要练胸，跑步机爬坡30min。 ,0,1,0,上海,https://m.weibo.cn/detail/5253996631824037
11,5272859670743996,2026-03-04 21:32:53+08:00,健身打卡，30min练背，1h椭圆机有氧。健身补卡：上周力训90min，爬坡30min+1节网球课。 ,0,1,0,上海,https://m.weibo.cn/detail/5272859670743996
12,5270292341457010,2026-02-25 19:31:13+08:00,健身打卡，力量训练60分钟：全身热身循环。 ,0,1,0,上海,https://m.weibo.cn/detail/5270292341457010
13,5265234073747659,2026-02-11 20:31:28+08:00,健身打卡，力训90min，练胸+腿。 ,0,1,0,上海,https://m.weibo.cn/detail/5265234073747659
14,5262701695860986,2026-02-04 20:48:42+08:00,健身打卡，力训一小时，主要练背。健身补卡，昨天练胸一小时。 ,0,1,0,上海,https://m.weibo.cn/detail/5262701695860986
15,5260165331821982,2026-01-28 20:50:07+08:00,健身打卡，练背1h。 ,0,1,0,上海,https://m.weibo.cn/detail/5260165331821982
16,5258690712046057,2026-01-24 19:10:30+08:00,健身打卡，力训练胸1h，跑步机爬坡30min。 ,0,1,0,上海,https://m.weibo.cn/detail/5258690712046057
17,5257263512032375,2026-01-20 20:39:19+08:00,健身打卡，今日力训练背1h。 ,0,1,0,上海,https://m.weibo.cn/detail/5257263512032375
18,5255089939286999,2026-01-14 20:42:19+08:00,健身打卡，力训练背1h。 ,0,3,0,上海,https://m.weibo.cn/detail/5255089939286999
19,5254730890875556,2026-01-13 20:55:35+08:00,健身打卡，力训1h，主要练腿。 ,0,1,0,上海,https://m.weibo.cn/detail/5254730890875556
20,5253996631824037,2026-01-11 20:17:54+08:00,健身打卡，今日力训60min，主要练胸，跑步机爬坡30min。 ,0,1,0,上海,https://m.weibo.cn/detail/5253996631824037
21,5272859670743996,2026-03-04 21:32:53+08:00,健身打卡，30min练背，1h椭圆机有氧。健身补卡：上周力训90min，爬坡30min+1节网球课。 ,0,1,0,上海,https://m.weibo.cn/detail/5272859670743996
22,5270292341457010,2026-02-25 19:31:13+08:00,健身打卡，力量训练60分钟：全身热身循环。 ,0,1,0,上海,https://m.weibo.cn/detail/5270292341457010
23,5265234073747659,2026-02-11 20:31:28+08:00,健身打卡，力训90min，练胸+腿。 ,0,1,0,上海,https://m.weibo.cn/detail/5265234073747659
24,5262701695860986,2026-02-04 20:48:42+08:00,健身打卡，力训一小时，主要练背。健身补卡，昨天练胸一小时。 ,0,1,0,上海,https://m.weibo.cn/detail/5262701695860986
25,5260165331821982,2026-01-28 20:50:07+08:00,健身打卡，练背1h。 ,0,1,0,上海,https://m.weibo.cn/detail/5260165331821982
26,5258690712046057,2026-01-24 19:10:30+08:00,健身打卡，力训练胸1h，跑步机爬坡30min。 ,0,1,0,上海,https://m.weibo.cn/detail/5258690712046057
27,5257263512032375,2026-01-20 20:39:19+08:00,健身打卡，今日力训练背1h。 ,0,1,0,上海,https://m.weibo.cn/detail/5257263512032375
28,5255089939286999,2026-01-14 20:42:19+08:00,健身打卡，力训练背1h。 ,0,3,0,上海,https://m.weibo.cn/detail/5255089939286999
29,5254730890875556,2026-01-13 20:55:35+08:00,健身打卡，力训1h，主要练腿。 ,0,1,0,上海,https://m.weibo.cn/detail/5254730890875556
30,5253996631824037,2026-01-11 20:17:54+08:00,健身打卡，今日力训60min，主要练胸，跑步机爬坡30min。 ,0,1,0,上海,https://m.weibo.cn/detail/5253996631824037
31,5272859670743996,2026-03-04 21:32:53+08:00,健身打卡，30min练背，1h椭圆机有氧。健身补卡：上周力训90min，爬坡30min+1节网球课。 ,0,1,0,上海,https://m.weibo.cn/detail/5272859670743996
32,5270292341457010,2026-02-25 19:31:13+08:00,健身打卡，力量训练60分钟：全身热身循环。 ,0,1,0,上海,https://m.weibo.cn/detail/5270292341457010
33,5265234073747659,2026-02-11 20:31:28+08:00,健身打卡，力训90min，练胸+腿。 ,0,1,0,上海,https://m.weibo.cn/detail/5265234073747659
34,5262701695860986,2026-02-04 20:48:42+08:00,健身打卡，力训一小时，主要练背。健身补卡，昨天练胸一小时。 ,0,1,0,上海,https://m.weibo.cn/detail/5262701695860986
35,5260165331821982,2026-01-28 20:50:07+08:00,健身打卡，练背1h。 ,0,1,0,上海,https://m.weibo.cn/detail/5260165331821982
36,5258690712046057,2026-01-24 19:10:30+08:00,健身打卡，力训练胸1h，跑步机爬坡30min。 ,0,1,0,上海,https://m.weibo.cn/detail/5258690712046057
37,5257263512032375,2026-01-20 20:39:19+08:00,健身打卡，今日力训练背1h。 ,0,1,0,上海,https://m.weibo.cn/detail/5257263512032375
38,5255089939286999,2026-01-14 20:42:19+08:00,健身打卡，力训练背1h。 ,0,3,0,上海,https://m.weibo.cn/detail/5255089939286999
39,5254730890875556,2026-01-13 20:55:35+08:00,健身打卡，力训1h，主要练腿。 ,0,1,0,上海,https://m.weibo.cn/detail/5254730890875556
40,5253996631824037,2026-01-11 20:17:54+08:00,健身打卡，今日力训60min，主要练胸，跑步机爬坡30min。 ,0,1,0,上海,https://m.weibo.cn/detail/5253996631824037
41,5272859670743996,2026-03-04 21:32:53+08:00,健身打卡，30min练背，1h椭圆机有氧。健身补卡：上周力训90min，爬坡30min+1节网球课。 ,0,1,0,上海,https://m.weibo.cn/detail/5272859670743996
42,5270292341457010,2026-02-25 19:31:13+08:00,健身打卡，力量训练60分钟：全身热身循环。 ,0,1,0,上海,https://m.weibo.cn/detail/5270292341457010
43,5265234073747659,2026-02-11 20:31:28+08:00,健身打卡，力训90min，练胸+腿。 ,0,1,0,上海,https://m.weibo.cn/detail/5265234073747659
44,5262701695860986,2026-02-04 20:48:42+08:00,健身打卡，力训一小时，主要练背。健身补卡，昨天练胸一小时。 ,0,1,0,上海,https://m.weibo.cn/detail/5262701695860986
45,5260165331821982,2026-01-28 20:50:07+08:00,健身打卡，练背1h。 ,0,1,0,上海,https://m.weibo.cn/detail/5260165331821982
46,5258690712046057,2026-01-24 19:10:30+08:00,健身打卡，力训练胸1h，跑步机爬坡30min。 ,0,1,0,上海,https://m.weibo.cn/detail/5258690712046057
47,5257263512032375,2026-01-20 20:39:19+08:00,健身打卡，今日力训练背1h。 ,0,1,0,上海,https://m.weibo.cn/detail/5257263512032375
48,5255089939286999,2026-01-14 20:42:19+08:00,健身打卡，力训练背1h。 ,0,3,0,上海,https://m.weibo.cn/detail/5255089939286999
49,5254730890875556,2026-01-13 20:55:35+08:00,健身打卡，力训1h，主要练腿。 ,0,1,0,上海,https://m.weibo.cn/detail/5254730890875556
50,5253996631824037,2026-01-11 20:17:54+08:00,健身打卡，今日力训60min，主要练胸，跑步机爬坡30min。 ,0,1,0,上海,https://m.weibo.cn/detail/5253996631824037
51,5272859670743996,2026-03-04 21:32:53+08:00,健身打卡，30min练背，1h椭圆机有氧。健身补卡：上周力训90min，爬坡30min+1节网球课。 ,0,1,0,上海,https://m.weibo.cn/detail/5272859670743996
52,5270292341457010,2026-02-25 19:31:13+08:00,健身打卡，力量训练60分钟：全身热身循环。 ,0,1,0,上海,https://m.weibo.cn/detail/5270292341457010
53,5265234073747659,2026-02-11 20:31:28+08:00,健身打卡，力训90min，练胸+腿。 ,0,1,0,上海,https://m.weibo.cn/detail/5265234073747659
54,5262701695860986,2026-02-04 20:48:42+08:00,健身打卡，力训一小时，主要练背。健身补卡，昨天练胸一小时。 ,0,1,0,上海,https://m.weibo.cn/detail/5262701695860986
55,5260165331821982,2026-01-28 20:50:07+08:00,健身打卡，练背1h。 ,0,1,0,上海,https://m.weibo.cn/detail/5260165331821982
56,5258690712046057,2026-01-24 19:10:30+08:00,健身打卡，力训练胸1h，跑步机爬坡30min。 ,0,1,0,上海,https://m.weibo.cn/detail/5258690712046057
57,5257263512032375,2026-01-20 20:39:19+08:00,健身打卡，今日力训练背1h。 ,0,1,0,上海,https://m.weibo.cn/detail/5257263512032375
58,5255089939286999,2026-01-14 20:42:19+08:00,健身打卡，力训练背1h。 ,0,3,0,上海,https://m.weibo.cn/detail/5255089939286999
59,5254730890875556,2026-01-13 20:55:35+08:00,健身打卡，力训1h，主要练腿。 ,0,1,0,上海,https://m.weibo.cn/detail/5254730890875556
60,5253996631824037,2026-01-11 20:17:54+08:00,健身打卡，今日力训60min，主要练胸，跑步机爬坡30min。 ,0,1,0,上海,https://m.weibo.cn/detail/5253996631824037
61,5272859670743996,2026-03-04 21:32:53+08:00,健身打卡，30min练背，1h椭圆机有氧。健身补卡：上周力训90min，爬坡30min+1节网球课。 ,0,1,0,上海,https://m.weibo.cn/detail/5272859670743996
62,5270292341457010,2026-02-25 19:31:13+08:00,健身打卡，力量训练60分钟：全身热身循环。 ,0,1,0,上海,https://m.weibo.cn/detail/5270292341457010
63,5265234073747659,2026-02-11 20:31:28+08:00,健身打卡，力训90min，练胸+腿。 ,0,1,0,上海,https://m.weibo.cn/detail/5265234073747659
64,5262701695860986,2026-02-04 20:48:42+08:00,健身打卡，力训一小时，主要练背。健身补卡，昨天练胸一小时。 ,0,1,0,上海,https://m.weibo.cn/detail/5262701695860986
65,5260165331821982,2026-01-28 20:50:07+08:00,健身打卡，练背1h。 ,0,1,0,上海,https://m.weibo.cn/detail/5260165331821982
66,5258690712046057,2026-01-24 19:10:30+08:00,健身打卡，力训练胸1h，跑步机爬坡30min。 ,0,1,0,上海,https://m.weibo.cn/detail/5258690712046057
67,5257263512032375,2026-01-20 20:39:19+08:00,健身打卡，今日力训练背1h。 ,0,1,0,上海,https://m.weibo.cn/detail/5257263512032375
68,5255089939286999,2026-01-14 20:42:19+08:00,健身打卡，力训练背1h。 ,0,3,0,上海,https://m.weibo.cn/detail/5255089939286999
69,5254730890875556,2026-01-13 20:55:35+08:00,健身打卡，力训1h，主要练腿。 ,0,1,0,上海,https://m.weibo.cn/detail/5254730890875556
70,5253996631824037,2026-01-11 20:17:54+08:00,健身打卡，今日力训60min，主要练胸，跑步机爬坡30min。 ,0,1,0,上海,https://m.weibo.cn/detail/5253996631824037
71,5272859670743996,2026-03-04 21:32:53+08:00,健身打卡，30min练背，1h椭圆机有氧。健身补卡：上周力训90min，爬坡30min+1节网球课。 ,0,1,0,上海,https://m.weibo.cn/detail/5272859670743996
72,5270292341457010,2026-02-25 19:31:13+08:00,健身打卡，力量训练60分钟：全身热身循环。 ,0,1,0,上海,https://m.weibo.cn/detail/5270292341457010
73,5265234073747659,2026-02-11 20:31:28+08:00,健身打卡，力训90min，练胸+腿。 ,0,1,0,上海,https://m.weibo.cn/detail/5265234073747659
74,5262701695860986,2026-02-04 20:48:42+08:00,健身打卡，力训一小时，主要练背。健身补卡，昨天练胸一小时。 ,0,1,0,上海,https://m.weibo.cn/detail/5262701695860986
75,5260165331821982,2026-01-28 20:50:07+08:00,健身打卡，练背1h。 ,0,1,0,上海,https://m.weibo.cn/detail/5260165331821982
76,5258690712046057,2026-01-24 19:10:30+08:00,健身打卡，力训练胸1h，跑步机爬坡30min。 ,0,1,0,上海,https://m.weibo.cn/detail/5258690712046057
77,5257263512032375,2026-01-20 20:39:19+08:00,健身打卡，今日力训练背1h。 ,0,1,0,上海,https://m.weibo.cn/detail/5257263512032375
78,5255089939286999,2026-01-14 20:42:19+08:00,健身打卡，力训练背1h。 ,0,3,0,上海,https://m.weibo.cn/detail/5255089939286999
79,5254730890875556,2026-01-13 20:55:35+08:00,健身打卡，力训1h，主要练腿。 ,0,1,0,上海,https://m.weibo.cn/detail/5254730890875556
80,5253996631824037,2026-01-11 20:17:54+08:00,健身打卡，今日力训60min，主要练胸，跑步机爬坡30min。 ,0,1,0,上海,https://m.weibo.cn/detail/5253996631824037
81,5272859670743996,2026-03-04 21:32:53+08:00,健身打卡，30min练背，1h椭圆机有氧。健身补卡：上周力训90min，爬坡30min+1节网球课。 ,0,1,0,上海,https://m.weibo.cn/detail/5272859670743996
82,5270292341457010,2026-02-25 19:31:13+08:00,健身打卡，力量训练60分钟：全身热身循环。 ,0,1,0,上海,https://m.weibo.cn/detail/5270292341457010
83,5265234073747659,2026-02-11 20:31:28+08:00,健身打卡，力训90min，练胸+腿。 ,0,1,0,上海,https://m.weibo.cn/detail/5265234073747659
84,5262701695860986,2026-02-04 20:48:42+08:00,健身打卡，力训一小时，主要练背。健身补卡，昨天练胸一小时。 ,0,1,0,上海,https://m.weibo.cn/detail/5262701695860986
85,5260165331821982,2026-01-28 20:50:07+08:00,健身打卡，练背1h。 ,0,1,0,上海,https://m.weibo.cn/detail/5260165331821982
86,5258690712046057,2026-01-24 19:10:30+08:00,健身打卡，力训练胸1h，跑步机爬坡30min。 ,0,1,0,上海,https://m.weibo.cn/detail/5258690712046057
87,5257263512032375,2026-01-20 20:39:19+08:00,健身打卡，今日力训练背1h。 ,0,1,0,上海,https://m.weibo.cn/detail/5257263512032375
88,5255089939286999,2026-01-14 20:42:19+08:00,健身打卡，力训练背1h。 ,0,3,0,上海,https://m.weibo.cn/detail/5255089939286999
89,5254730890875556,2026-01-13 20:55:35+08:00,健身打卡，力训1h，主要练腿。 ,0,1,0,上海,https://m.weibo.cn/detail/5254730890875556
90,5253996631824037,2026-01-11 20:17:54+08:00,健身打卡，今日力训60min，主要练胸，跑步机爬坡30min。 ,0,1,0,上海,https://m.weibo.cn/detail/5253996631824037
91,5272859670743996,2026-03-04 21:32:53+08:00,健身打卡，30min练背，1h椭圆机有氧。健身补卡：上周力训90min，爬坡30min+1节网球课。 ,0,1,0,上海,https://m.weibo.cn/detail/5272859670743996
92,5270292341457010,2026-02-25 19:31:13+08:00,健身打卡，力量训练60分钟：全身热身循环。 ,0,1,0,上海,https://m.weibo.cn/detail/5270292341457010
93,5265234073747659,2026-02-11 20:31:28+08:00,健身打卡，力训90min，练胸+腿。 ,0,1,0,上海,https://m.weibo.cn/detail/5265234073747659
94,5262701695860986,2026-02-04 20:48:42+08:00,健身打卡，力训一小时，主要练背。健身补卡，昨天练胸一小时。 ,0,1,0,上海,https://m.weibo.cn/detail/5262701695860986
95,5260165331821982,2026-01-28 20:50:07+08:00,健身打卡，练背1h。 ,0,1,0,上海,https://m.weibo.cn/detail/5260165331821982
96,5258690712046057,2026-01-24 19:10:30+08:00,健身打卡，力训练胸1h，跑步机爬坡30min。 ,0,1,0,上海,https://m.weibo.cn/detail/5258690712046057
97,5257263512032375,2026-01-20 20:39:19+08:00,健身打卡，今日力训练背1h。 ,0,1,0,上海,https://m.weibo.cn/detail/5257263512032375
98,5255089939286999,2026-01-14 20:42:19+08:00,健身打卡，力训练背1h。 ,0,3,0,上海,https://m.weibo.cn/detail/5255089939286999
99,5254730890875556,2026-01-13 20:55:35+08:00,健身打卡，力训1h，主要练腿。 ,0,1,0,上海,https://m.weibo.cn/detail/5254730890875556
100,5253996631824037,2026-01-11 20:17:54+08:00,健身打卡，今日力训60min，主要练胸，跑步机爬坡30min。 ,0,1,0,上海,https://m.weibo.cn/detail/5253996631824037
101,5272859670743996,2026-03-04 21:32:53+08:00,健身打卡，30min练背，1h椭圆机有氧。健身补卡：上周力训90min，爬坡30min+1节网球课。 ,0,1,0,上海,https://m.weibo.cn/detail/5272859670743996
102,5270292341457010,2026-02-25 19:31:13+08:00,健身打卡，力量训练60分钟：全身热身循环。 ,0,1,0,上海,https://m.weibo.cn/detail/5270292341457010
103,5265234073747659,2026-02-11 20:31:28+08:00,健身打卡，力训90min，练胸+腿。 ,0,1,0,上海,https://m.weibo.cn/detail/5265234073747659
104,5262701695860986,2026-02-04 20:48:42+08:00,健身打卡，力训一小时，主要练背。健身补卡，昨天练胸一小时。 ,0,1,0,上海,https://m.weibo.cn/detail/5262701695860986
105,5260165331821982,2026-01-28 20:50:07+08:00,健身打卡，练背1h。 ,0,1,0,上海,https://m.weibo.cn/detail/5260165331821982
106,5258690712046057,2026-01-24 19:10:30+08:00,健身打卡，力训练胸1h，跑步机爬坡30min。 ,0,1,0,上海,https://m.weibo.cn/detail/5258690712046057
107,5257263512032375,2026-01-20 20:39:19+08:00,健身打卡，今日力训练背1h。 ,0,1,0,上海,https://m.weibo.cn/detail/5257263512032375
108,5255089939286999,2026-01-14 20:42:19+08:00,健身打卡，力训练背1h。 ,0,3,0,上海,https://m.weibo.cn/detail/5255089939286999
109,5254730890875556,2026-01-13 20:55:35+08:00,健身打卡，力训1h，主要练腿。 ,0,1,0,上海,https://m.weibo.cn/detail/5254730890875556
110,5253996631824037,2026-01-11 20:17:54+08:00,健身打卡，今日力训60min，主要练胸，跑步机爬坡30min。 ,0,1,0,上海,https://m.weibo.cn/detail/5253996631824037
111,5272859670743996,2026-03-04 21:32:53+08:00,健身打卡，30min练背，1h椭圆机有氧。健身补卡：上周力训90min，爬坡30min+1节网球课。 ,0,1,0,上海,https://m.weibo.cn/detail/5272859670743996
112,5270292341457010,2026-02-25 19:31:13+08:00,健身打卡，力量训练60分钟：全身热身循环。 ,0,1,0,上海,https://m.weibo.cn/detail/5270292341457010
113,5265234073747659,2026-02-11 20:31:28+08:00,健身打卡，力训90min，练胸+腿。 ,0,1,0,上海,https://m.weibo.cn/detail/5265234073747659
114,5262701695860986,2026-02-04 20:48:42+08:00,健身打卡，力训一小时，主要练背。健身补卡，昨天练胸一小时。 ,0,1,0,上海,https://m.weibo.cn/detail/5262701695860986
115,5260165331821982,2026-01-28 20:50:07+08:00,健身打卡，练背1h。 ,0,1,0,上海,https://m.weibo.cn/detail/5260165331821982
116,5258690712046057,2026-01-24 19:10:30+08:00,健身打卡，力训练胸1h，跑步机爬坡30min。 ,0,1,0,上海,https://m.weibo.cn/detail/5258690712046057
117,5257263512032375,2026-01-20 20:39:19+08:00,健身打卡，今日力训练背1h。 ,0,1,0,上海,https://m.weibo.cn/detail/5257263512032375
118,5255089939286999,2026-01-14 20:42:19+08:00,健身打卡，力训练背1h。 ,0,3,0,上海,https://m.weibo.cn/detail/5255089939286999
119,5254730890875556,2026-01-13 20:55:35+08:00,健身打卡，力训1h，主要练腿。 ,0,1,0,上海,https://m.weibo.cn/detail/5254730890875556
120,5253996631824037,2026-01-11 20:17:54+08:00,健身打卡，今日力训60min，主要练胸，跑步机爬坡30min。 ,0,1,0,上海,https://m.weibo.cn/detail/5253996631824037
121,5272859670743996,2026-03-04 21:32:53+08:00,健身打卡，30min练背，1h椭圆机有氧。健身补卡：上周力训90min，爬坡30min+1节网球课。 ,0,1,0,上海,https://m.weibo.cn/detail/5272859670743996
122,5270292341457010,2026-02-25 19:31:13+08:00,健身打卡，力量训练60分钟：全身热身循环。 ,0,1,0,上海,https://m.weibo.cn/detail/5270292341457010
123,5265234073747659,2026-02-11 20:31:28+08:00,健身打卡，力训90min，练胸+腿。 ,0,1,0,上海,https://m.weibo.cn/detail/5265234073747659
124,5262701695860986,2026-02-04 20:48:42+08:00,健身打卡，力训一小时，主要练背。健身补卡，昨天练胸一小时。 ,0,1,0,上海,https://m.weibo.cn/detail/5262701695860986
125,5260165331821982,2026-01-28 20:50:07+08:00,健身打卡，练背1h。 ,0,1,0,上海,https://m.weibo.cn/detail/5260165331821982
126,5258690712046057,2026-01-24 19:10:30+08:00,健身打卡，力训练胸1h，跑步机爬坡30min。 ,0,1,0,上海,https://m.weibo.cn/detail/5258690712046057
127,5257263512032375,2026-01-20 20:39:19+08:00,健身打卡，今日力训练背1h。 ,0,1,0,上海,https://m.weibo.cn/detail/5257263512032375
128,5255089939286999,2026-01-14 20:42:19+08:00,健身打卡，力训练背1h。 ,0,3,0,上海,https://m.weibo.cn/detail/5255089939286999
129,5254730890875556,2026-01-13 20:55:35+08:00,健身打卡，力训1h，主要练腿。 ,0,1,0,上海,https://m.weibo.cn/detail/5254730890875556
130,5253996631824037,2026-01-11 20:17:54+08:00,健身打卡，今日力训60min，主要练胸，跑步机爬坡30min。 ,0,1,0,上海,https://m.weibo.cn/detail/5253996631824037
131,5272859670743996,2026-03-04 21:32:53+08:00,健身打卡，30min练背，1h椭圆机有氧。健身补卡：上周力训90min，爬坡30min+1节网球课。 ,0,1,0,上海,https://m.weibo.cn/detail/5272859670743996
132,5270292341457010,2026-02-25 19:31:13+08:00,健身打卡，力量训练60分钟：全身热身循环。 ,0,1,0,上海,https://m.weibo.cn/detail/5270292341457010
133,5265234073747659,2026-02-11 20:31:28+08:00,健身打卡，力训90min，练胸+腿。 ,0,1,0,上海,https://m.weibo.cn/detail/5265234073747659
134,5262701695860986,2026-02-04 20:48:42+08:00,健身打卡，力训一小时，主要练背。健身补卡，昨天练胸一小时。 ,0,1,0,上海,https://m.weibo.cn/detail/5262701695860986
135,5260165331821982,2026-01-28 20:50:07+08:00,健身打卡，练背1h。 ,0,1,0,上海,https://m.weibo.cn/detail/5260165331821982
136,5258690712046057,2026-01-24 19:10:30+08:00,健身打卡，力训练胸1h，跑步机爬坡30min。 ,0,1,0,上海,https://m.weibo.cn/detail/5258690712046057
137,5257263512032375,2026-01-20 20:39:19+08:00,健身打卡，今日力训练背1h。 ,0,1,0,上海,https://m.weibo.cn/detail/5257263512032375
138,5255089939286999,2026-01-14 20:42:19+08:00,健身打卡，力训练背1h。 ,0,3,0,上海,https://m.weibo.cn/detail/5255089939286999
139,5254730890875556,2026-01-13 20:55:35+08:00,健身打卡，力训1h，主要练腿。 ,0,1,0,上海,https://m.weibo.cn/detail/5254730890875556
140,5253996631824037,2026-01-11 20:17:54+08:00,健身打卡，今日力训60min，主要练胸，跑步机爬坡30min。 ,0,1,0,上海,https://m.weibo.cn/detail/5253996631824037
141,5272859670743996,2026-03-04 21:32:53+08:00,健身打卡，30min练背，1h椭圆机有氧。健身补卡：上周力训90min，爬坡30min+1节网球课。 ,0,1,0,上海,https://m.weibo.cn/detail/5272859670743996
142,5270292341457010,2026-02-25 19:31:13+08:00,健身打卡，力量训练60分钟：全身热身循环。 ,0,1,0,上海,https://m.weibo.cn/detail/5270292341457010
143,5265234073747659,2026-02-11 20:31:28+08:00,健身打卡，力训90min，练胸+腿。 ,0,1,0,上海,https://m.weibo.cn/detail/5265234073747659
144,5262701695860986,2026-02-04 20:48:42+08:00,健身打卡，力训一小时，主要练背。健身补卡，昨天练胸一小时。 ,0,1,0,上海,https://m.weibo.cn/detail/5262701695860986
145,5260165331821982,2026-01-28 20:50:07+08:00,健身打卡，练背1h。 ,0,1,0,上海,https://m.weibo.cn/detail/5260165331821982
146,5258690712046057,2026-01-24 19:10:30+08:00,健身打卡，力训练胸1h，跑步机爬坡30min。 ,0,1,0,上海,https://m.weibo.cn/detail/5258690712046057
147,5257263512032375,2026-01-20 20:39:19+08:00,健身打卡，今日力训练背1h。 ,0,1,0,上海,https://m.weibo.cn/detail/5257263512032375
148,5255089939286999,2026-01-14 20:42:19+08:00,健身打卡，力训练背1h。 ,0,3,0,上海,https://m.weibo.cn/detail/5255089939286999
149,5254730890875556,2026-01-13 20:55:35+08:00,健身打卡，力训1h，主要练腿。 ,0,1,0,上海,https://m.weibo.cn/detail/5254730890875556
150,5253996631824037,2026-01-11 20:17:54+08:00,健身打卡，今日力训60min，主要练胸，跑步机爬坡30min。 ,0,1,0,上海,https://m.weibo.cn/detail/5253996631824037
151,5272859670743996,2026-03-04 21:32:53+08:00,健身打卡，30min练背，1h椭圆机有氧。健身补卡：上周力训90min，爬坡30min+1节网球课。 ,0,1,0,上海,https://m.weibo.cn/detail/5272859670743996
152,5270292341457010,2026-02-25 19:31:13+08:00,健身打卡，力量训练60分钟：全身热身循环。 ,0,1,0,上海,https://m.weibo.cn/detail/5270292341457010
153,5265234073747659,2026-02-11 20:31:28+08:00,健身打卡，力训90min，练胸+腿。 ,0,1,0,上海,https://m.weibo.cn/detail/5265234073747659
154,5262701695860986,2026-02-04 20:48:42+08:00,健身打卡，力训一小时，主要练背。健身补卡，昨天练胸一小时。 ,0,1,0,上海,https://m.weibo.cn/detail/5262701695860986
155,5260165331821982,2026-01-28 20:50:07+08:00,健身打卡，练背1h。 ,0,1,0,上海,https://m.weibo.cn/detail/5260165331821982
156,5258690712046057,2026-01-24 19:10:30+08:00,健身打卡，力训练胸1h，跑步机爬坡30min。 ,0,1,0,上海,https://m.weibo.cn/detail/5258690712046057
157,5257263512032375,2026-01-20 20:39:19+08:00,健身打卡，今日力训练背1h。 ,0,1,0,上海,https://m.weibo.cn/detail/5257263512032375
158,5255089939286999,2026-01-14 20:42:19+08:00,健身打卡，力训练背1h。 ,0,3,0,上海,https://m.weibo.cn/detail/5255089939286999
159,5254730890875556,2026-01-13 20:55:35+08:00,健身打卡，力训1h，主要练腿。 ,0,1,0,上海,https://m.weibo.cn/detail/5254730890875556
160,5253996631824037,2026-01-11 20:17:54+08:00,健身打卡，今日力训60min，主要练胸，跑步机爬坡30min。 ,0,1,0,上海,https://m.weibo.cn/detail/5253996631824037
161,5272859670743996,2026-03-04 21:32:53+08:00,健身打卡，30min练背，1h椭圆机有氧。健身补卡：上周力训90min，爬坡30min+1节网球课。 ,0,1,0,上海,https://m.weibo.cn/detail/5272859670743996
162,5270292341457010,2026-02-25 19:31:13+08:00,健身打卡，力量训练60分钟：全身热身循环。 ,0,1,0,上海,https://m.weibo.cn/detail/5270292341457010
163,5265234073747659,2026-02-11 20:31:28+08:00,健身打卡，力训90min，练胸+腿。 ,0,1,0,上海,https://m.weibo.cn/detail/5265234073747659
164,5262701695860986,2026-02-04 20:48:42+08:00,健身打卡，力训一小时，主要练背。健身补卡，昨天练胸一小时。 ,0,1,0,上海,https://m.weibo.cn/detail/5262701695860986
165,5260165331821982,2026-01-28 20:50:07+08:00,健身打卡，练背1h。 ,0,1,0,上海,https://m.weibo.cn/detail/5260165331821982
166,5258690712046057,2026-01-24 19:10:30+08:00,健身打卡，力训练胸1h，跑步机爬坡30min。 ,0,1,0,上海,https://m.weibo.cn/detail/5258690712046057
167,5257263512032375,2026-01-20 20:39:19+08:00,健身打卡，今日力训练背1h。 ,0,1,0,上海,https://m.weibo.cn/detail/5257263512032375
168,5255089939286999,2026-01-14 20:42:19+08:00,健身打卡，力训练背1h。 ,0,3,0,上海,https://m.weibo.cn/detail/5255089939286999
169,5254730890875556,2026-01-13 20:55:35+08:00,健身打卡，力训1h，主要练腿。 ,0,1,0,上海,https://m.weibo.cn/detail/5254730890875556
170,5253996631824037,2026-01-11 20:17:54+08:00,健身打卡，今日力训60min，主要练胸，跑步机爬坡30min。 ,0,1,0,上海,https://m.weibo.cn/detail/5253996631824037
171,5272859670743996,2026-03-04 21:32:53+08:00,健身打卡，30min练背，1h椭圆机有氧。健身补卡：上周力训90min，爬坡30min+1节网球课。 ,0,1,0,上海,https://m.weibo.cn/detail/5272859670743996
172,5270292341457010,2026-02-25 19:31:13+08:00,健身打卡，力量训练60分钟：全身热身循环。 ,0,1,0,上海,https://m.weibo.cn/detail/5270292341457010
173,5265234073747659,2026-02-11 20:31:28+08:00,健身打卡，力训90min，练胸+腿。 ,0,1,0,上海,https://m.weibo.cn/detail/5265234073747659
174,5262701695860986,2026-02-04 20:48:42+08:00,健身打卡，力训一小时，主要练背。健身补卡，昨天练胸一小时。 ,0,1,0,上海,https://m.weibo.cn/detail/5262701695860986
175,5260165331821982,2026-01-28 20:50:07+08:00,健身打卡，练背1h。 ,0,1,0,上海,https://m.weibo.cn/detail/5260165331821982
176,5258690712046057,2026-01-24 19:10:30+08:00,健身打卡，力训练胸1h，跑步机爬坡30min。 ,0,1,0,上海,https://m.weibo.cn/detail/5258690712046057
177,5257263512032375,2026-01-20 20:39:19+08:00,健身打卡，今日力训练背1h。 ,0,1,0,上海,https://m.weibo.cn/detail/5257263512032375
178,5255089939286999,2026-01-14 20:42:19+08:00,健身打卡，力训练背1h。 ,0,3,0,上海,https://m.weibo.cn/detail/5255089939286999
179,5254730890875556,2026-01-13 20:55:35+08:00,健身打卡，力训1h，主要练腿。 ,0,1,0,上海,https://m.weibo.cn/detail/5254730890875556
180,5253996631824037,2026-01-11 20:17:54+08:00,健身打卡，今日力训60min，主要练胸，跑步机爬坡30min。 ,0,1,0,上海,https://m.weibo.cn/detail/5253996631824037
181,5272859670743996,2026-03-04 21:32:53+08:00,健身打卡，30min练背，1h椭圆机有氧。健身补卡：上周力训90min，爬坡30min+1节网球课。 ,0,1,0,上海,https://m.weibo.cn/detail/5272859670743996
182,5270292341457010,2026-02-25 19:31:13+08:00,健身打卡，力量训练60分钟：全身热身循环。 ,0,1,0,上海,https://m.weibo.cn/detail/5270292341457010
183,5265234073747659,2026-02-11 20:31:28+08:00,健身打卡，力训90min，练胸+腿。 ,0,1,0,上海,https://m.weibo.cn/detail/5265234073747659
184,5262701695860986,2026-02-04 20:48:42+08:00,健身打卡，力训一小时，主要练背。健身补卡，昨天练胸一小时。 ,0,1,0,上海,https://m.weibo.cn/detail/5262701695860986
185,5260165331821982,2026-01-28 20:50:07+08:00,健身打卡，练背1h。 ,0,1,0,上海,https://m.weibo.cn/detail/5260165331821982
186,5258690712046057,2026-01-24 19:10:30+08:00,健身打卡，力训练胸1h，跑步机爬坡30min。 ,0,1,0,上海,https://m.weibo.cn/detail/5258690712046057
187,5257263512032375,2026-01-20 20:39:19+08:00,健身打卡，今日力训练背1h。 ,0,1,0,上海,https://m.weibo.cn/detail/5257263512032375
188,5255089939286999,2026-01-14 20:42:19+08:00,健身打卡，力训练背1h。 ,0,3,0,上海,https://m.weibo.cn/detail/5255089939286999
189,5254730890875556,2026-01-13 20:55:35+08:00,健身打卡，力训1h，主要练腿。 ,0,1,0,上海,https://m.weibo.cn/detail/5254730890875556
190,5253996631824037,2026-01-11 20:17:54+08:00,健身打卡，今日力训60min，主要练胸，跑步机爬坡30min。 ,0,1,0,上海,https://m.weibo.cn/detail/5253996631824037
191,5272859670743996,2026-03-04 21:32:53+08:00,健身打卡，30min练背，1h椭圆机有氧。健身补卡：上周力训90min，爬坡30min+1节网球课。 ,0,1,0,上海,https://m.weibo.cn/detail/5272859670743996
192,5270292341457010,2026-02-25 19:31:13+08:00,健身打卡，力量训练60分钟：全身热身循环。 ,0,1,0,上海,https://m.weibo.cn/detail/5270292341457010
193,5265234073747659,2026-02-11 20:31:28+08:00,健身打卡，力训90min，练胸+腿。 ,0,1,0,上海,https://m.weibo.cn/detail/5265234073747659
194,5262701695860986,2026-02-04 20:48:42+08:00,健身打卡，力训一小时，主要练背。健身补卡，昨天练胸一小时。 ,0,1,0,上海,https://m.weibo.cn/detail/5262701695860986
195,5260165331821982,2026-01-28 20:50:07+08:00,健身打卡，练背1h。 ,0,1,0,上海,https://m.weibo.cn/detail/5260165331821982
196,5258690712046057,2026-01-24 19:10:30+08:00,健身打卡，力训练胸1h，跑步机爬坡30min。 ,0,1,0,上海,https://m.weibo.cn/detail/5258690712046057
197,5257263512032375,2026-01-20 20:39:19+08:00,健身打卡，今日力训练背1h。 ,0,1,0,上海,https://m.weibo.cn/detail/5257263512032375
198,5255089939286999,2026-01-14 20:42:19+08:00,健身打卡，力训练背1h。 ,0,3,0,上海,https://m.weibo.cn/detail/5255089939286999
199,5254730890875556,2026-01-13 20:55:35+08:00,健身打卡，力训1h，主要练腿。 ,0,1,0,上海,https://m.weibo.cn/detail/5254730890875556
200,5253996631824037,2026-01-11 20:17:54+08:00,健身打卡，今日力训60min，主要练胸，跑步机爬坡30min。 ,0,1,0,上海,https://m.weibo.cn/detail/5253996631824037
201,5272859670743996,2026-03-04 21:32:53+08:00,健身打卡，30min练背，1h椭圆机有氧。健身补卡：上周力训90min，爬坡30min+1节网球课。 ,0,1,0,上海,https://m.weibo.cn/detail/5272859670743996
202,5270292341457010,2026-02-25 19:31:13+08:00,健身打卡，力量训练60分钟：全身热身循环。 ,0,1,0,上海,https://m.weibo.cn/detail/5270292341457010
203,5265234073747659,2026-02-11 20:31:28+08:00,健身打卡，力训90min，练胸+腿。 ,0,1,0,上海,https://m.weibo.cn/detail/5265234073747659
204,5262701695860986,2026-02-04 20:48:42+08:00,健身打卡，力训一小时，主要练背。健身补卡，昨天练胸一小时。 ,0,1,0,上海,https://m.weibo.cn/detail/5262701695860986
205,5260165331821982,2026-01-28 20:50:07+08:00,健身打卡，练背1h。 ,0,1,0,上海,https://m.weibo.cn/detail/5260165331821982
206,5258690712046057,2026-01-24 19:10:30+08:00,健身打卡，力训练胸1h，跑步机爬坡30min。 ,0,1,0,上海,https://m.weibo.cn/detail/5258690712046057
207,5257263512032375,2026-01-20 20:39:19+08:00,健身打卡，今日力训练背1h。 ,0,1,0,上海,https://m.weibo.cn/detail/5257263512032375
208,5255089939286999,2026-01-14 20:42:19+08:00,健身打卡，力训练背1h。 ,0,3,0,上海,https://m.weibo.cn/detail/5255089939286999
209,5254730890875556,2026-01-13 20:55:35+08:00,健身打卡，力训1h，主要练腿。 ,0,1,0,上海,https://m.weibo.cn/detail/5254730890875556
210,5253996631824037,2026-01-11 20:17:54+08:00,健身打卡，今日力训60min，主要练胸，跑步机爬坡30min。 ,0,1,0,上海,https://m.weibo.cn/detail/5253996631824037
211,5272859670743996,2026-03-04 21:32:53+08:00,健身打卡，30min练背，1h椭圆机有氧。健身补卡：上周力训90min，爬坡30min+1节网球课。 ,0,1,0,上海,https://m.weibo.cn/detail/5272859670743996
212,5270292341457010,2026-02-25 19:31:13+08:00,健身打卡，力量训练60分钟：全身热身循环。 ,0,1,0,上海,https://m.weibo.cn/detail/5270292341457010
213,5265234073747659,2026-02-11 20:31:28+08:00,健身打卡，力训90min，练胸+腿。 ,0,1,0,上海,https://m.weibo.cn/detail/5265234073747659
214,5262701695860986,2026-02-04 20:48:42+08:00,健身打卡，力训一小时，主要练背。健身补卡，昨天练胸一小时。 ,0,1,0,上海,https://m.weibo.cn/detail/5262701695860986
215,5260165331821982,2026-01-28 20:50:07+08:00,健身打卡，练背1h。 ,0,1,0,上海,https://m.weibo.cn/detail/5260165331821982
216,5258690712046057,2026-01-24 19:10:30+08:00,健身打卡，力训练胸1h，跑步机爬坡30min。 ,0,1,0,上海,https://m.weibo.cn/detail/5258690712046057
217,5257263512032375,2026-01-20 20:39:19+08:00,健身打卡，今日力训练背1h。 ,0,1,0,上海,https://m.weibo.cn/detail/5257263512032375
218,5255089939286999,2026-01-14 20:42:19+08:00,健身打卡，力训练背1h。 ,0,3,0,上海,https://m.weibo.cn/detail/5255089939286999
219,5254730890875556,2026-01-13 20:55:35+08:00,健身打卡，力训1h，主要练腿。 ,0,1,0,上海,https://m.weibo.cn/detail/5254730890875556
220,5253996631824037,2026-01-11 20:17:54+08:00,健身打卡，今日力训60min，主要练胸，跑步机爬坡30min。 ,0,1,0,上海,https://m.weibo.cn/detail/5253996631824037
221,5272859670743996,2026-03-04 21:32:53+08:00,健身打卡，30min练背，1h椭圆机有氧。健身补卡：上周力训90min，爬坡30min+1节网球课。 ,0,1,0,上海,https://m.weibo.cn/detail/5272859670743996
222,5270292341457010,2026-02-25 19:31:13+08:00,健身打卡，力量训练60分钟：全身热身循环。 ,0,1,0,上海,https://m.weibo.cn/detail/5270292341457010
223,5265234073747659,2026-02-11 20:31:28+08:00,健身打卡，力训90min，练胸+腿。 ,0,1,0,上海,https://m.weibo.cn/detail/5265234073747659
224,5262701695860986,2026-02-04 20:48:42+08:00,健身打卡，力训一小时，主要练背。健身补卡，昨天练胸一小时。 ,0,1,0,上海,https://m.weibo.cn/detail/5262701695860986
225,5260165331821982,2026-01-28 20:50:07+08:00,健身打卡，练背1h。 ,0,1,0,上海,https://m.weibo.cn/detail/5260165331821982
226,5258690712046057,2026-01-24 19:10:30+08:00,健身打卡，力训练胸1h，跑步机爬坡30min。 ,0,1,0,上海,https://m.weibo.cn/detail/5258690712046057
227,5257263512032375,2026-01-20 20:39:19+08:00,健身打卡，今日力训练背1h。 ,0,1,0,上海,https://m.weibo.cn/detail/5257263512032375
228,5255089939286999,2026-01-14 20:42:19+08:00,健身打卡，力训练背1h。 ,0,3,0,上海,https://m.weibo.cn/detail/5255089939286999
229,5254730890875556,2026-01-13 20:55:35+08:00,健身打卡，力训1h，主要练腿。 ,0,1,0,上海,https://m.weibo.cn/detail/5254730890875556
230,5253996631824037,2026-01-11 20:17:54+08:00,健身打卡，今日力训60min，主要练胸，跑步机爬坡30min。 ,0,1,0,上海,https://m.weibo.cn/detail/5253996631824037
231,5272859670743996,2026-03-04 21:32:53+08:00,健身打卡，30min练背，1h椭圆机有氧。健身补卡：上周力训90min，爬坡30min+1节网球课。 ,0,1,0,上海,https://m.weibo.cn/detail/5272859670743996
232,5270292341457010,2026-02-25 19:31:13+08:00,健身打卡，力量训练60分钟：全身热身循环。 ,0,1,0,上海,https://m.weibo.cn/detail/5270292341457010
233,5265234073747659,2026-02-11 20:31:28+08:00,健身打卡，力训90min，练胸+腿。 ,0,1,0,上海,https://m.weibo.cn/detail/5265234073747659
234,5262701695860986,2026-02-04 20:48:42+08:00,健身打卡，力训一小时，主要练背。健身补卡，昨天练胸一小时。 ,0,1,0,上海,https://m.weibo.cn/detail/5262701695860986
235,5260165331821982,2026-01-28 20:50:07+08:00,健身打卡，练背1h。 ,0,1,0,上海,https://m.weibo.cn/detail/5260165331821982
236,5258690712046057,2026-01-24 19:10:30+08:00,健身打卡，力训练胸1h，跑步机爬坡30min。 ,0,1,0,上海,https://m.weibo.cn/detail/5258690712046057
237,5257263512032375,2026-01-20 20:39:19+08:00,健身打卡，今日力训练背1h。 ,0,1,0,上海,https://m.weibo.cn/detail/5257263512032375
238,5255089939286999,2026-01-14 20:42:19+08:00,健身打卡，力训练背1h。 ,0,3,0,上海,https://m.weibo.cn/detail/5255089939286999
239,5254730890875556,2026-01-13 20:55:35+08:00,健身打卡，力训1h，主要练腿。 ,0,1,0,上海,https://m.weibo.cn/detail/5254730890875556
240,5253996631824037,2026-01-11 20:17:54+08:00,健身打卡，今日力训60min，主要练胸，跑步机爬坡30min。 ,0,1,0,上海,https://m.weibo.cn/detail/5253996631824037
241,5272859670743996,2026-03-04 21:32:53+08:00,健身打卡，30min练背，1h椭圆机有氧。健身补卡：上周力训90min，爬坡30min+1节网球课。 ,0,1,0,上海,https://m.weibo.cn/detail/5272859670743996
242,5270292341457010,2026-02-25 19:31:13+08:00,健身打卡，力量训练60分钟：全身热身循环。 ,0,1,0,上海,https://m.weibo.cn/detail/5270292341457010
243,5265234073747659,2026-02-11 20:31:28+08:00,健身打卡，力训90min，练胸+腿。 ,0,1,0,上海,https://m.weibo.cn/detail/5265234073747659
244,5262701695860986,2026-02-04 20:48:42+08:00,健身打卡，力训一小时，主要练背。健身补卡，昨天练胸一小时。 ,0,1,0,上海,https://m.weibo.cn/detail/5262701695860986
245,5260165331821982,2026-01-28 20:50:07+08:00,健身打卡，练背1h。 ,0,1,0,上海,https://m.weibo.cn/detail/5260165331821982
246,5258690712046057,2026-01-24 19:10:30+08:00,健身打卡，力训练胸1h，跑步机爬坡30min。 ,0,1,0,上海,https://m.weibo.cn/detail/5258690712046057
247,5257263512032375,2026-01-20 20:39:19+08:00,健身打卡，今日力训练背1h。 ,0,1,0,上海,https://m.weibo.cn/detail/5257263512032375
248,5255089939286999,2026-01-14 20:42:19+08:00,健身打卡，力训练背1h。 ,0,3,0,上海,https://m.weibo.cn/detail/5255089939286999
249,5254730890875556,2026-01-13 20:55:35+08:00,健身打卡，力训1h，主要练腿。 ,0,1,0,上海,https://m.weibo.cn/detail/5254730890875556
250,5253996631824037,2026-01-11 20:17:54+08:00,健身打卡，今日力训60min，主要练胸，跑步机爬坡30min。 ,0,1,0,上海,https://m.weibo.cn/detail/5253996631824037
251,5272859670743996,2026-03-04 21:32:53+08:00,健身打卡，30min练背，1h椭圆机有氧。健身补卡：上周力训90min，爬坡30min+1节网球课。 ,0,1,0,上海,https://m.weibo.cn/detail/5272859670743996
252,5270292341457010,2026-02-25 19:31:13+08:00,健身打卡，力量训练60分钟：全身热身循环。 ,0,1,0,上海,https://m.weibo.cn/detail/5270292341457010
253,5265234073747659,2026-02-11 20:31:28+08:00,健身打卡，力训90min，练胸+腿。 ,0,1,0,上海,https://m.weibo.cn/detail/5265234073747659
254,5262701695860986,2026-02-04 20:48:42+08:00,健身打卡，力训一小时，主要练背。健身补卡，昨天练胸一小时。 ,0,1,0,上海,https://m.weibo.cn/detail/5262701695860986
255,5260165331821982,2026-01-28 20:50:07+08:00,健身打卡，练背1h。 ,0,1,0,上海,https://m.weibo.cn/detail/5260165331821982
256,5258690712046057,2026-01-24 19:10:30+08:00,健身打卡，力训练胸1h，跑步机爬坡30min。 ,0,1,0,上海,https://m.weibo.cn/detail/5258690712046057
257,5257263512032375,2026-01-20 20:39:19+08:00,健身打卡，今日力训练背1h。 ,0,1,0,上海,https://m.weibo.cn/detail/5257263512032375
258,5255089939286999,2026-01-14 20:42:19+08:00,健身打卡，力训练背1h。 ,0,3,0,上海,https://m.weibo.cn/detail/5255089939286999
259,5254730890875556,2026-01-13 20:55:35+08:00,健身打卡，力训1h，主要练腿。 ,0,1,0,上海,https://m.weibo.cn/detail/5254730890875556
260,5253996631824037,2026-01-11 20:17:54+08:00,健身打卡，今日力训60min，主要练胸，跑步机爬坡30min。 ,0,1,0,上海,https://m.weibo.cn/detail/5253996631824037
261,5272859670743996,2026-03-04 21:32:53+08:00,健身打卡，30min练背，1h椭圆机有氧。健身补卡：上周力训90min，爬坡30min+1节网球课。 ,0,1,0,上海,https://m.weibo.cn/detail/5272859670743996
262,5270292341457010,2026-02-25 19:31:13+08:00,健身打卡，力量训练60分钟：全身热身循环。 ,0,1,0,上海,https://m.weibo.cn/detail/5270292341457010
263,5265234073747659,2026-02-11 20:31:28+08:00,健身打卡，力训90min，练胸+腿。 ,0,1,0,上海,https://m.weibo.cn/detail/5265234073747659
264,5262701695860986,2026-02-04 20:48:42+08:00,健身打卡，力训一小时，主要练背。健身补卡，昨天练胸一小时。 ,0,1,0,上海,https://m.weibo.cn/detail/5262701695860986
265,5260165331821982,2026-01-28 20:50:07+08:00,健身打卡，练背1h。 ,0,1,0,上海,https://m.weibo.cn/detail/5260165331821982
266,5258690712046057,2026-01-24 19:10:30+08:00,健身打卡，力训练胸1h，跑步机爬坡30min。 ,0,1,0,上海,https://m.weibo.cn/detail/5258690712046057
267,5257263512032375,2026-01-20 20:39:19+08:00,健身打卡，今日力训练背1h。 ,0,1,0,上海,https://m.weibo.cn/detail/5257263512032375
268,5255089939286999,2026-01-14 20:42:19+08:00,健身打卡，力训练背1h。 ,0,3,0,上海,https://m.weibo.cn/detail/5255089939286999
269,5254730890875556,2026-01-13 20:55:35+08:00,健身打卡，力训1h，主要练腿。 ,0,1,0,上海,https://m.weibo.cn/detail/5254730890875556
270,5253996631824037,2026-01-11 20:17:54+08:00,健身打卡，今日力训60min，主要练胸，跑步机爬坡30min。 ,0,1,0,上海,https://m.weibo.cn/detail/5253996631824037
271,5272859670743996,2026-03-04 21:32:53+08:00,健身打卡，30min练背，1h椭圆机有氧。健身补卡：上周力训90min，爬坡30min+1节网球课。 ,0,1,0,上海,https://m.weibo.cn/detail/5272859670743996
272,5270292341457010,2026-02-25 19:31:13+08:00,健身打卡，力量训练60分钟：全身热身循环。 ,0,1,0,上海,https://m.weibo.cn/detail/5270292341457010
273,5265234073747659,2026-02-11 20:31:28+08:00,健身打卡，力训90min，练胸+腿。 ,0,1,0,上海,https://m.weibo.cn/detail/5265234073747659
274,5262701695860986,2026-02-04 20:48:42+08:00,健身打卡，力训一小时，主要练背。健身补卡，昨天练胸一小时。 ,0,1,0,上海,https://m.weibo.cn/detail/5262701695860986
275,5260165331821982,2026-01-28 20:50:07+08:00,健身打卡，练背1h。 ,0,1,0,上海,https://m.weibo.cn/detail/5260165331821982
276,5258690712046057,2026-01-24 19:10:30+08:00,健身打卡，力训练胸1h，跑步机爬坡30min。 ,0,1,0,上海,https://m.weibo.cn/detail/5258690712046057
277,5257263512032375,2026-01-20 20:39:19+08:00,健身打卡，今日力训练背1h。 ,0,1,0,上海,https://m.weibo.cn/detail/5257263512032375
278,5255089939286999,2026-01-14 20:42:19+08:00,健身打卡，力训练背1h。 ,0,3,0,上海,https://m.weibo.cn/detail/5255089939286999
279,5254730890875556,2026-01-13 20:55:35+08:00,健身打卡，力训1h，主要练腿。 ,0,1,0,上海,https://m.weibo.cn/detail/5254730890875556
280,5253996631824037,2026-01-11 20:17:54+08:00,健身打卡，今日力训60min，主要练胸，跑步机爬坡30min。 ,0,1,0,上海,https://m.weibo.cn/detail/5253996631824037
281,5272859670743996,2026-03-04 21:32:53+08:00,健身打卡，30min练背，1h椭圆机有氧。健身补卡：上周力训90min，爬坡30min+1节网球课。 ,0,1,0,上海,https://m.weibo.cn/detail/5272859670743996
282,5270292341457010,2026-02-25 19:31:13+08:00,健身打卡，力量训练60分钟：全身热身循环。 ,0,1,0,上海,https://m.weibo.cn/detail/5270292341457010
283,5265234073747659,2026-02-11 20:31:28+08:00,健身打卡，力训90min，练胸+腿。 ,0,1,0,上海,https://m.weibo.cn/detail/5265234073747659
284,5262701695860986,2026-02-04 20:48:42+08:00,健身打卡，力训一小时，主要练背。健身补卡，昨天练胸一小时。 ,0,1,0,上海,https://m.weibo.cn/detail/5262701695860986
285,5260165331821982,2026-01-28 20:50:07+08:00,健身打卡，练背1h。 ,0,1,0,上海,https://m.weibo.cn/detail/5260165331821982
286,5258690712046057,2026-01-24 19:10:30+08:00,健身打卡，力训练胸1h，跑步机爬坡30min。 ,0,1,0,上海,https://m.weibo.cn/detail/5258690712046057
287,5257263512032375,2026-01-20 20:39:19+08:00,健身打卡，今日力训练背1h。 ,0,1,0,上海,https://m.weibo.cn/detail/5257263512032375
288,5255089939286999,2026-01-14 20:42:19+08:00,健身打卡，力训练背1h。 ,0,3,0,上海,https://m.weibo.cn/detail/5255089939286999
289,5254730890875556,2026-01-13 20:55:35+08:00,健身打卡，力训1h，主要练腿。 ,0,1,0,上海,https://m.weibo.cn/detail/5254730890875556
290,5253996631824037,2026-01-11 20:17:54+08:00,健身打卡，今日力训60min，主要练胸，跑步机爬坡30min。 ,0,1,0,上海,https://m.weibo.cn/detail/5253996631824037
291,5272859670743996,2026-03-04 21:32:53+08:00,健身打卡，30min练背，1h椭圆机有氧。健身补卡：上周力训90min，爬坡30min+1节网球课。 ,0,1,0,上海,https://m.weibo.cn/detail/5272859670743996
292,5270292341457010,2026-02-25 19:31:13+08:00,健身打卡，力量训练60分钟：全身热身循环。 ,0,1,0,上海,https://m.weibo.cn/detail/5270292341457010
293,5265234073747659,2026-02-11 20:31:28+08:00,健身打卡，力训90min，练胸+腿。 ,0,1,0,上海,https://m.weibo.cn/detail/5265234073747659
294,5262701695860986,2026-02-04 20:48:42+08:00,健身打卡，力训一小时，主要练背。健身补卡，昨天练胸一小时。 ,0,1,0,上海,https://m.weibo.cn/detail/5262701695860986
295,5260165331821982,2026-01-28 20:50:07+08:00,健身打卡，练背1h。 ,0,1,0,上海,https://m.weibo.cn/detail/5260165331821982
296,5258690712046057,2026-01-24 19:10:30+08:00,健身打卡，力训练胸1h，跑步机爬坡30min。 ,0,1,0,上海,https://m.weibo.cn/detail/5258690712046057
297,5257263512032375,2026-01-20 20:39:19+08:00,健身打卡，今日力训练背1h。 ,0,1,0,上海,https://m.weibo.cn/detail/5257263512032375
298,5255089939286999,2026-01-14 20:42:19+08:00,健身打卡，力训练背1h。 ,0,3,0,上海,https://m.weibo.cn/detail/5255089939286999
299,5254730890875556,2026-01-13 20:55:35+08:00,健身打卡，力训1h，主要练腿。 ,0,1,0,上海,https://m.weibo.cn/detail/5254730890875556
300,5253996631824037,2026-01-11 20:17:54+08:00,健身打卡，今日力训60min，主要练胸，跑步机爬坡30min。 ,0,1,0,上海,https://m.weibo.cn/detail/5253996631824037
301,5272859670743996,2026-03-04 21:32:53+08:00,健身打卡，30min练背，1h椭圆机有氧。健身补卡：上周力训90min，爬坡30min+1节网球课。 ,0,1,0,上海,https://m.weibo.cn/detail/5272859670743996
302,5270292341457010,2026-02-25 19:31:13+08:00,健身打卡，力量训练60分钟：全身热身循环。 ,0,1,0,上海,https://m.weibo.cn/detail/5270292341457010
303,5265234073747659,2026-02-11 20:31:28+08:00,健身打卡，力训90min，练胸+腿。 ,0,1,0,上海,https://m.weibo.cn/detail/5265234073747659
304,5262701695860986,2026-02-04 20:48:42+08:00,健身打卡，力训一小时，主要练背。健身补卡，昨天练胸一小时。 ,0,1,0,上海,https://m.weibo.cn/detail/5262701695860986
305,5260165331821982,2026-01-28 20:50:07+08:00,健身打卡，练背1h。 ,0,1,0,上海,https://m.weibo.cn/detail/5260165331821982
306,5258690712046057,2026-01-24 19:10:30+08:00,健身打卡，力训练胸1h，跑步机爬坡30min。 ,0,1,0,上海,https://m.weibo.cn/detail/5258690712046057
307,5257263512032375,2026-01-20 20:39:19+08:00,健身打卡，今日力训练背1h。 ,0,1,0,上海,https://m.weibo.cn/detail/5257263512032375
308,5255089939286999,2026-01-14 20:42:19+08:00,健身打卡，力训练背1h。 ,0,3,0,上海,https://m.weibo.cn/detail/5255089939286999
309,5254730890875556,2026-01-13 20:55:35+08:00,健身打卡，力训1h，主要练腿。 ,0,1,0,上海,https://m.weibo.cn/detail/5254730890875556
310,5253996631824037,2026-01-11 20:17:54+08:00,健身打卡，今日力训60min，主要练胸，跑步机爬坡30min。 ,0,1,0,上海,https://m.weibo.cn/detail/5253996631824037
311,5272859670743996,2026-03-04 21:32:53+08:00,健身打卡，30min练背，1h椭圆机有氧。健身补卡：上周力训90min，爬坡30min+1节网球课。 ,0,1,0,上海,https://m.weibo.cn/detail/5272859670743996
312,5270292341457010,2026-02-25 19:31:13+08:00,健身打卡，力量训练60分钟：全身热身循环。 ,0,1,0,上海,https://m.weibo.cn/detail/5270292341457010
313,5265234073747659,2026-02-11 20:31:28+08:00,健身打卡，力训90min，练胸+腿。 ,0,1,0,上海,https://m.weibo.cn/detail/5265234073747659
314,5262701695860986,2026-02-04 20:48:42+08:00,健身打卡，力训一小时，主要练背。健身补卡，昨天练胸一小时。 ,0,1,0,上海,https://m.weibo.cn/detail/5262701695860986
315,5260165331821982,2026-01-28 20:50:07+08:00,健身打卡，练背1h。 ,0,1,0,上海,https://m.weibo.cn/detail/5260165331821982
316,5258690712046057,2026-01-24 19:10:30+08:00,健身打卡，力训练胸1h，跑步机爬坡30min。 ,0,1,0,上海,https://m.weibo.cn/detail/5258690712046057
317,5257263512032375,2026-01-20 20:39:19+08:00,健身打卡，今日力训练背1h。 ,0,1,0,上海,https://m.weibo.cn/detail/5257263512032375
318,5255089939286999,2026-01-14 20:42:19+08:00,健身打卡，力训练背1h。 ,0,3,0,上海,https://m.weibo.cn/detail/5255089939286999
319,5254730890875556,2026-01-13 20:55:35+08:00,健身打卡，力训1h，主要练腿。 ,0,1,0,上海,https://m.weibo.cn/detail/5254730890875556
320,5253996631824037,2026-01-11 20:17:54+08:00,健身打卡，今日力训60min，主要练胸，跑步机爬坡30min。 ,0,1,0,上海,https://m.weibo.cn/detail/5253996631824037
321,5272859670743996,2026-03-04 21:32:53+08:00,健身打卡，30min练背，1h椭圆机有氧。健身补卡：上周力训90min，爬坡30min+1节网球课。 ,0,1,0,上海,https://m.weibo.cn/detail/5272859670743996
322,5270292341457010,2026-02-25 19:31:13+08:00,健身打卡，力量训练60分钟：全身热身循环。 ,0,1,0,上海,https://m.weibo.cn/detail/5270292341457010
323,5265234073747659,2026-02-11 20:31:28+08:00,健身打卡，力训90min，练胸+腿。 ,0,1,0,上海,https://m.weibo.cn/detail/5265234073747659
324,5262701695860986,2026-02-04 20:48:42+08:00,健身打卡，力训一小时，主要练背。健身补卡，昨天练胸一小时。 ,0,1,0,上海,https://m.weibo.cn/detail/5262701695860986
325,5260165331821982,2026-01-28 20:50:07+08:00,健身打卡，练背1h。 ,0,1,0,上海,https://m.weibo.cn/detail/5260165331821982
326,5258690712046057,2026-01-24 19:10:30+08:00,健身打卡，力训练胸1h，跑步机爬坡30min。 ,0,1,0,上海,https://m.weibo.cn/detail/5258690712046057
327,5257263512032375,2026-01-20 20:39:19+08:00,健身打卡，今日力训练背1h。 ,0,1,0,上海,https://m.weibo.cn/detail/5257263512032375
328,5255089939286999,2026-01-14 20:42:19+08:00,健身打卡，力训练背1h。 ,0,3,0,上海,https://m.weibo.cn/detail/5255089939286999
329,5254730890875556,2026-01-13 20:55:35+08:00,健身打卡，力训1h，主要练腿。 ,0,1,0,上海,https://m.weibo.cn/detail/5254730890875556
330,5253996631824037,2026-01-11 20:17:54+08:00,健身打卡，今日力训60min，主要练胸，跑步机爬坡30min。 ,0,1,0,上海,https://m.weibo.cn/detail/5253996631824037
331,5272859670743996,2026-03-04 21:32:53+08:00,健身打卡，30min练背，1h椭圆机有氧。健身补卡：上周力训90min，爬坡30min+1节网球课。 ,0,1,0,上海,https://m.weibo.cn/detail/5272859670743996
332,5270292341457010,2026-02-25 19:31:13+08:00,健身打卡，力量训练60分钟：全身热身循环。 ,0,1,0,上海,https://m.weibo.cn/detail/5270292341457010
333,5265234073747659,2026-02-11 20:31:28+08:00,健身打卡，力训90min，练胸+腿。 ,0,1,0,上海,https://m.weibo.cn/detail/5265234073747659
334,5262701695860986,2026-02-04 20:48:42+08:00,健身打卡，力训一小时，主要练背。健身补卡，昨天练胸一小时。 ,0,1,0,上海,https://m.weibo.cn/detail/5262701695860986
335,5260165331821982,2026-01-28 20:50:07+08:00,健身打卡，练背1h。 ,0,1,0,上海,https://m.weibo.cn/detail/5260165331821982
336,5258690712046057,2026-01-24 19:10:30+08:00,健身打卡，力训练胸1h，跑步机爬坡30min。 ,0,1,0,上海,https://m.weibo.cn/detail/5258690712046057
337,5257263512032375,2026-01-20 20:39:19+08:00,健身打卡，今日力训练背1h。 ,0,1,0,上海,https://m.weibo.cn/detail/5257263512032375
338,5255089939286999,2026-01-14 20:42:19+08:00,健身打卡，力训练背1h。 ,0,3,0,上海,https://m.weibo.cn/detail/5255089939286999
339,5254730890875556,2026-01-13 20:55:35+08:00,健身打卡，力训1h，主要练腿。 ,0,1,0,上海,https://m.weibo.cn/detail/5254730890875556
340,5253996631824037,2026-01-11 20:17:54+08:00,健身打卡，今日力训60min，主要练胸，跑步机爬坡30min。 ,0,1,0,上海,https://m.weibo.cn/detail/5253996631824037
341,5272859670743996,2026-03-04 21:32:53+08:00,健身打卡，30min练背，1h椭圆机有氧。健身补卡：上周力训90min，爬坡30min+1节网球课。 ,0,1,0,上海,https://m.weibo.cn/detail/5272859670743996
342,5270292341457010,2026-02-25 19:31:13+08:00,健身打卡，力量训练60分钟：全身热身循环。 ,0,1,0,上海,https://m.weibo.cn/detail/5270292341457010
343,5265234073747659,2026-02-11 20:31:28+08:00,健身打卡，力训90min，练胸+腿。 ,0,1,0,上海,https://m.weibo.cn/detail/5265234073747659
344,5262701695860986,2026-02-04 20:48:42+08:00,健身打卡，力训一小时，主要练背。健身补卡，昨天练胸一小时。 ,0,1,0,上海,https://m.weibo.cn/detail/5262701695860986
345,5260165331821982,2026-01-28 20:50:07+08:00,健身打卡，练背1h。 ,0,1,0,上海,https://m.weibo.cn/detail/5260165331821982
346,5258690712046057,2026-01-24 19:10:30+08:00,健身打卡，力训练胸1h，跑步机爬坡30min。 ,0,1,0,上海,https://m.weibo.cn/detail/5258690712046057
347,5257263512032375,2026-01-20 20:39:19+08:00,健身打卡，今日力训练背1h。 ,0,1,0,上海,https://m.weibo.cn/detail/5257263512032375
348,5255089939286999,2026-01-14 20:42:19+08:00,健身打卡，力训练背1h。 ,0,3,0,上海,https://m.weibo.cn/detail/5255089939286999
349,5254730890875556,2026-01-13 20:55:35+08:00,健身打卡，力训1h，主要练腿。 ,0,1,0,上海,https://m.weibo.cn/detail/5254730890875556
350,5253996631824037,2026-01-11 20:17:54+08:00,健身打卡，今日力训60min，主要练胸，跑步机爬坡30min。 ,0,1,0,上海,https://m.weibo.cn/detail/5253996631824037
351,5272859670743996,2026-03-04 21:32:53+08:00,健身打卡，30min练背，1h椭圆机有氧。健身补卡：上周力训90min，爬坡30min+1节网球课。 ,0,1,0,上海,https://m.weibo.cn/detail/5272859670743996
352,5270292341457010,2026-02-25 19:31:13+08:00,健身打卡，力量训练60分钟：全身热身循环。 ,0,1,0,上海,https://m.weibo.cn/detail/5270292341457010
353,5265234073747659,2026-02-11 20:31:28+08:00,健身打卡，力训90min，练胸+腿。 ,0,1,0,上海,https://m.weibo.cn/detail/5265234073747659
354,5262701695860986,2026-02-04 20:48:42+08:00,健身打卡，力训一小时，主要练背。健身补卡，昨天练胸一小时。 ,0,1,0,上海,https://m.weibo.cn/detail/5262701695860986
355,5260165331821982,2026-01-28 20:50:07+08:00,健身打卡，练背1h。 ,0,1,0,上海,https://m.weibo.cn/detail/5260165331821982
356,5258690712046057,2026-01-24 19:10:30+08:00,健身打卡，力训练胸1h，跑步机爬坡30min。 ,0,1,0,上海,https://m.weibo.cn/detail/5258690712046057
357,5257263512032375,2026-01-20 20:39:19+08:00,健身打卡，今日力训练背1h。 ,0,1,0,上海,https://m.weibo.cn/detail/5257263512032375
358,5255089939286999,2026-01-14 20:42:19+08:00,健身打卡，力训练背1h。 ,0,3,0,上海,https://m.weibo.cn/detail/5255089939286999
359,5254730890875556,2026-01-13 20:55:35+08:00,健身打卡，力训1h，主要练腿。 ,0,1,0,上海,https://m.weibo.cn/detail/5254730890875556
360,5253996631824037,2026-01-11 20:17:54+08:00,健身打卡，今日力训60min，主要练胸，跑步机爬坡30min。 ,0,1,0,上海,https://m.weibo.cn/detail/5253996631824037
361,5272859670743996,2026-03-04 21:32:53+08:00,健身打卡，30min练背，1h椭圆机有氧。健身补卡：上周力训90min，爬坡30min+1节网球课。 ,0,1,0,上海,https://m.weibo.cn/detail/5272859670743996
362,5270292341457010,2026-02-25 19:31:13+08:00,健身打卡，力量训练60分钟：全身热身循环。 ,0,1,0,上海,https://m.weibo.cn/detail/5270292341457010
363,5265234073747659,2026-02-11 20:31:28+08:00,健身打卡，力训90min，练胸+腿。 ,0,1,0,上海,https://m.weibo.cn/detail/5265234073747659
364,5262701695860986,2026-02-04 20:48:42+08:00,健身打卡，力训一小时，主要练背。健身补卡，昨天练胸一小时。 ,0,1,0,上海,https://m.weibo.cn/detail/5262701695860986
365,5260165331821982,2026-01-28 20:50:07+08:00,健身打卡，练背1h。 ,0,1,0,上海,https://m.weibo.cn/detail/5260165331821982
366,5258690712046057,2026-01-24 19:10:30+08:00,健身打卡，力训练胸1h，跑步机爬坡30min。 ,0,1,0,上海,https://m.weibo.cn/detail/5258690712046057
367,5257263512032375,2026-01-20 20:39:19+08:00,健身打卡，今日力训练背1h。 ,0,1,0,上海,https://m.weibo.cn/detail/5257263512032375
368,5255089939286999,2026-01-14 20:42:19+08:00,健身打卡，力训练背1h。 ,0,3,0,上海,https://m.weibo.cn/detail/5255089939286999
369,5254730890875556,2026-01-13 20:55:35+08:00,健身打卡，力训1h，主要练腿。 ,0,1,0,上海,https://m.weibo.cn/detail/5254730890875556
370,5253996631824037,2026-01-11 20:17:54+08:00,健身打卡，今日力训60min，主要练胸，跑步机爬坡30min。 ,0,1,0,上海,https://m.weibo.cn/detail/5253996631824037
371,5272859670743996,2026-03-04 21:32:53+08:00,健身打卡，30min练背，1h椭圆机有氧。健身补卡：上周力训90min，爬坡30min+1节网球课。 ,0,1,0,上海,https://m.weibo.cn/detail/5272859670743996
372,5270292341457010,2026-02-25 19:31:13+08:00,健身打卡，力量训练60分钟：全身热身循环。 ,0,1,0,上海,https://m.weibo.cn/detail/5270292341457010
373,5265234073747659,2026-02-11 20:31:28+08:00,健身打卡，力训90min，练胸+腿。 ,0,1,0,上海,https://m.weibo.cn/detail/5265234073747659
374,5262701695860986,2026-02-04 20:48:42+08:00,健身打卡，力训一小时，主要练背。健身补卡，昨天练胸一小时。 ,0,1,0,上海,https://m.weibo.cn/detail/5262701695860986
375,5260165331821982,2026-01-28 20:50:07+08:00,健身打卡，练背1h。 ,0,1,0,上海,https://m.weibo.cn/detail/5260165331821982
376,5258690712046057,2026-01-24 19:10:30+08:00,健身打卡，力训练胸1h，跑步机爬坡30min。 ,0,1,0,上海,https://m.weibo.cn/detail/5258690712046057
377,5257263512032375,2026-01-20 20:39:19+08:00,健身打卡，今日力训练背1h。 ,0,1,0,上海,https://m.weibo.cn/detail/5257263512032375
378,5255089939286999,2026-01-14 20:42:19+08:00,健身打卡，力训练背1h。 ,0,3,0,上海,https://m.weibo.cn/detail/5255089939286999
379,5254730890875556,2026-01-13 20:55:35+08:00,健身打卡，力训1h，主要练腿。 ,0,1,0,上海,https://m.weibo.cn/detail/5254730890875556
380,5253996631824037,2026-01-11 20:17:54+08:00,健身打卡，今日力训60min，主要练胸，跑步机爬坡30min。 ,0,1,0,上海,https://m.weibo.cn/detail/5253996631824037
381,5272859670743996,2026-03-04 21:32:53+08:00,健身打卡，30min练背，1h椭圆机有氧。健身补卡：上周力训90min，爬坡30min+1节网球课。 ,0,1,0,上海,https://m.weibo.cn/detail/5272859670743996
382,5270292341457010,2026-02-25 19:31:13+08:00,健身打卡，力量训练60分钟：全身热身循环。 ,0,1,0,上海,https://m.weibo.cn/detail/5270292341457010
383,5265234073747659,2026-02-11 20:31:28+08:00,健身打卡，力训90min，练胸+腿。 ,0,1,0,上海,https://m.weibo.cn/detail/5265234073747659
384,5262701695860986,2026-02-04 20:48:42+08:00,健身打卡，力训一小时，主要练背。健身补卡，昨天练胸一小时。 ,0,1,0,上海,https://m.weibo.cn/detail/5262701695860986
385,5260165331821982,2026-01-28 20:50:07+08:00,健身打卡，练背1h。 ,0,1,0,上海,https://m.weibo.cn/detail/5260165331821982
386,5258690712046057,2026-01-24 19:10:30+08:00,健身打卡，力训练胸1h，跑步机爬坡30min。 ,0,1,0,上海,https://m.weibo.cn/detail/5258690712046057
387,5257263512032375,2026-01-20 20:39:19+08:00,健身打卡，今日力训练背1h。 ,0,1,0,上海,https://m.weibo.cn/detail/5257263512032375
388,5255089939286999,2026-01-14 20:42:19+08:00,健身打卡，力训练背1h。 ,0,3,0,上海,https://m.weibo.cn/detail/5255089939286999
389,5254730890875556,2026-01-13 20:55:35+08:00,健身打卡，力训1h，主要练腿。 ,0,1,0,上海,https://m.weibo.cn/detail/5254730890875556
390,5253996631824037,2026-01-11 20:17:54+08:00,健身打卡，今日力训60min，主要练胸，跑步机爬坡30min。 ,0,1,0,上海,https://m.weibo.cn/detail/5253996631824037
391,5272859670743996,2026-03-04 21:32:53+08:00,健身打卡，30min练背，1h椭圆机有氧。健身补卡：上周力训90min，爬坡30min+1节网球课。 ,0,1,0,上海,https://m.weibo.cn/detail/5272859670743996
392,5270292341457010,2026-02-25 19:31:13+08:00,健身打卡，力量训练60分钟：全身热身循环。 ,0,1,0,上海,https://m.weibo.cn/detail/5270292341457010
393,5265234073747659,2026-02-11 20:31:28+08:00,健身打卡，力训90min，练胸+腿。 ,0,1,0,上海,https://m.weibo.cn/detail/5265234073747659
394,5262701695860986,2026-02-04 20:48:42+08:00,健身打卡，力训一小时，主要练背。健身补卡，昨天练胸一小时。 ,0,1,0,上海,https://m.weibo.cn/detail/5262701695860986
395,5260165331821982,2026-01-28 20:50:07+08:00,健身打卡，练背1h。 ,0,1,0,上海,https://m.weibo.cn/detail/5260165331821982
396,5258690712046057,2026-01-24 19:10:30+08:00,健身打卡，力训练胸1h，跑步机爬坡30min。 ,0,1,0,上海,https://m.weibo.cn/detail/5258690712046057
397,5257263512032375,2026-01-20 20:39:19+08:00,健身打卡，今日力训练背1h。 ,0,1,0,上海,https://m.weibo.cn/detail/5257263512032375
398,5255089939286999,2026-01-14 20:42:19+08:00,健身打卡，力训练背1h。 ,0,3,0,上海,https://m.weibo.cn/detail/5255089939286999
399,5254730890875556,2026-01-13 20:55:35+08:00,健身打卡，力训1h，主要练腿。 ,0,1,0,上海,https://m.weibo.cn/detail/5254730890875556
400,5253996631824037,2026-01-11 20:17:54+08:00,健身打卡，今日力训60min，主要练胸，跑步机爬坡30min。 ,0,1,0,上海,https://m.weibo.cn/detail/5253996631824037
401,5272859670743996,2026-03-04 21:32:53+08:00,健身打卡，30min练背，1h椭圆机有氧。健身补卡：上周力训90min，爬坡30min+1节网球课。 ,0,1,0,上海,https://m.weibo.cn/detail/5272859670743996
402,5270292341457010,2026-02-25 19:31:13+08:00,健身打卡，力量训练60分钟：全身热身循环。 ,0,1,0,上海,https://m.weibo.cn/detail/5270292341457010
403,5265234073747659,2026-02-11 20:31:28+08:00,健身打卡，力训90min，练胸+腿。 ,0,1,0,上海,https://m.weibo.cn/detail/5265234073747659
404,5262701695860986,2026-02-04 20:48:42+08:00,健身打卡，力训一小时，主要练背。健身补卡，昨天练胸一小时。 ,0,1,0,上海,https://m.weibo.cn/detail/5262701695860986
405,5260165331821982,2026-01-28 20:50:07+08:00,健身打卡，练背1h。 ,0,1,0,上海,https://m.weibo.cn/detail/5260165331821982
406,5258690712046057,2026-01-24 19:10:30+08:00,健身打卡，力训练胸1h，跑步机爬坡30min。 ,0,1,0,上海,https://m.weibo.cn/detail/5258690712046057
407,5257263512032375,2026-01-20 20:39:19+08:00,健身打卡，今日力训练背1h。 ,0,1,0,上海,https://m.weibo.cn/detail/5257263512032375
408,5255089939286999,2026-01-14 20:42:19+08:00,健身打卡，力训练背1h。 ,0,3,0,上海,https://m.weibo.cn/detail/5255089939286999
409,5254730890875556,2026-01-13 20:55:35+08:00,健身打卡，力训1h，主要练腿。 ,0,1,0,上海,https://m.weibo.cn/detail/5254730890875556
410,5253996631824037,2026-01-11 20:17:54+08:00,健身打卡，今日力训60min，主要练胸，跑步机爬坡30min。 ,0,1,0,上海,https://m.weibo.cn/detail/5253996631824037
411,5272859670743996,2026-03-04 21:32:53+08:00,健身打卡，30min练背，1h椭圆机有氧。健身补卡：上周力训90min，爬坡30min+1节网球课。 ,0,1,0,上海,https://m.weibo.cn/detail/5272859670743996
412,5270292341457010,2026-02-25 19:31:13+08:00,健身打卡，力量训练60分钟：全身热身循环。 ,0,1,0,上海,https://m.weibo.cn/detail/5270292341457010
413,5265234073747659,2026-02-11 20:31:28+08:00,健身打卡，力训90min，练胸+腿。 ,0,1,0,上海,https://m.weibo.cn/detail/5265234073747659
414,5262701695860986,2026-02-04 20:48:42+08:00,健身打卡，力训一小时，主要练背。健身补卡，昨天练胸一小时。 ,0,1,0,上海,https://m.weibo.cn/detail/5262701695860986
415,5260165331821982,2026-01-28 20:50:07+08:00,健身打卡，练背1h。 ,0,1,0,上海,https://m.weibo.cn/detail/5260165331821982
416,5258690712046057,2026-01-24 19:10:30+08:00,健身打卡，力训练胸1h，跑步机爬坡30min。 ,0,1,0,上海,https://m.weibo.cn/detail/5258690712046057
417,5257263512032375,2026-01-20 20:39:19+08:00,健身打卡，今日力训练背1h。 ,0,1,0,上海,https://m.weibo.cn/detail/5257263512032375
418,5255089939286999,2026-01-14 20:42:19+08:00,健身打卡，力训练背1h。 ,0,3,0,上海,https://m.weibo.cn/detail/5255089939286999
419,5254730890875556,2026-01-13 20:55:35+08:00,健身打卡，力训1h，主要练腿。 ,0,1,0,上海,https://m.weibo.cn/detail/5254730890875556
420,5253996631824037,2026-01-11 20:17:54+08:00,健身打卡，今日力训60min，主要练胸，跑步机爬坡30min。 ,0,1,0,上海,https://m.weibo.cn/detail/5253996631824037
421,5272859670743996,2026-03-04 21:32:53+08:00,健身打卡，30min练背，1h椭圆机有氧。健身补卡：上周力训90min，爬坡30min+1节网球课。 ,0,1,0,上海,https://m.weibo.cn/detail/5272859670743996
422,5270292341457010,2026-02-25 19:31:13+08:00,健身打卡，力量训练60分钟：全身热身循环。 ,0,1,0,上海,https://m.weibo.cn/detail/5270292341457010
423,5265234073747659,2026-02-11 20:31:28+08:00,健身打卡，力训90min，练胸+腿。 ,0,1,0,上海,https://m.weibo.cn/detail/5265234073747659
424,5262701695860986,2026-02-04 20:48:42+08:00,健身打卡，力训一小时，主要练背。健身补卡，昨天练胸一小时。 ,0,1,0,上海,https://m.weibo.cn/detail/5262701695860986
425,5260165331821982,2026-01-28 20:50:07+08:00,健身打卡，练背1h。 ,0,1,0,上海,https://m.weibo.cn/detail/5260165331821982
426,5258690712046057,2026-01-24 19:10:30+08:00,健身打卡，力训练胸1h，跑步机爬坡30min。 ,0,1,0,上海,https://m.weibo.cn/detail/5258690712046057
427,5257263512032375,2026-01-20 20:39:19+08:00,健身打卡，今日力训练背1h。 ,0,1,0,上海,https://m.weibo.cn/detail/5257263512032375
428,5255089939286999,2026-01-14 20:42:19+08:00,健身打卡，力训练背1h。 ,0,3,0,上海,https://m.weibo.cn/detail/5255089939286999
429,5254730890875556,2026-01-13 20:55:35+08:00,健身打卡，力训1h，主要练腿。 ,0,1,0,上海,https://m.weibo.cn/detail/5254730890875556
430,5253996631824037,2026-01-11 20:17:54+08:00,健身打卡，今日力训60min，主要练胸，跑步机爬坡30min。 ,0,1,0,上海,https://m.weibo.cn/detail/5253996631824037
431,5272859670743996,2026-03-04 21:32:53+08:00,健身打卡，30min练背，1h椭圆机有氧。健身补卡：上周力训90min，爬坡30min+1节网球课。 ,0,1,0,上海,https://m.weibo.cn/detail/5272859670743996
432,5270292341457010,2026-02-25 19:31:13+08:00,健身打卡，力量训练60分钟：全身热身循环。 ,0,1,0,上海,https://m.weibo.cn/detail/5270292341457010
433,5265234073747659,2026-02-11 20:31:28+08:00,健身打卡，力训90min，练胸+腿。 ,0,1,0,上海,https://m.weibo.cn/detail/5265234073747659
434,5262701695860986,2026-02-04 20:48:42+08:00,健身打卡，力训一小时，主要练背。健身补卡，昨天练胸一小时。 ,0,1,0,上海,https://m.weibo.cn/detail/5262701695860986
435,5260165331821982,2026-01-28 20:50:07+08:00,健身打卡，练背1h。 ,0,1,0,上海,https://m.weibo.cn/detail/5260165331821982
436,5258690712046057,2026-01-24 19:10:30+08:00,健身打卡，力训练胸1h，跑步机爬坡30min。 ,0,1,0,上海,https://m.weibo.cn/detail/5258690712046057
437,5257263512032375,2026-01-20 20:39:19+08:00,健身打卡，今日力训练背1h。 ,0,1,0,上海,https://m.weibo.cn/detail/5257263512032375
438,5255089939286999,2026-01-14 20:42:19+08:00,健身打卡，力训练背1h。 ,0,3,0,上海,https://m.weibo.cn/detail/5255089939286999
439,5254730890875556,2026-01-13 20:55:35+08:00,健身打卡，力训1h，主要练腿。 ,0,1,0,上海,https://m.weibo.cn/detail/5254730890875556
440,5253996631824037,2026-01-11 20:17:54+08:00,健身打卡，今日力训60min，主要练胸，跑步机爬坡30min。 ,0,1,0,上海,https://m.weibo.cn/detail/5253996631824037
441,5272859670743996,2026-03-04 21:32:53+08:00,健身打卡，30min练背，1h椭圆机有氧。健身补卡：上周力训90min，爬坡30min+1节网球课。 ,0,1,0,上海,https://m.weibo.cn/detail/5272859670743996
442,5270292341457010,2026-02-25 19:31:13+08:00,健身打卡，力量训练60分钟：全身热身循环。 ,0,1,0,上海,https://m.weibo.cn/detail/5270292341457010
443,5265234073747659,2026-02-11 20:31:28+08:00,健身打卡，力训90min，练胸+腿。 ,0,1,0,上海,https://m.weibo.cn/detail/5265234073747659
444,5262701695860986,2026-02-04 20:48:42+08:00,健身打卡，力训一小时，主要练背。健身补卡，昨天练胸一小时。 ,0,1,0,上海,https://m.weibo.cn/detail/5262701695860986
445,5260165331821982,2026-01-28 20:50:07+08:00,健身打卡，练背1h。 ,0,1,0,上海,https://m.weibo.cn/detail/5260165331821982
446,5258690712046057,2026-01-24 19:10:30+08:00,健身打卡，力训练胸1h，跑步机爬坡30min。 ,0,1,0,上海,https://m.weibo.cn/detail/5258690712046057
447,5257263512032375,2026-01-20 20:39:19+08:00,健身打卡，今日力训练背1h。 ,0,1,0,上海,https://m.weibo.cn/detail/5257263512032375
448,5255089939286999,2026-01-14 20:42:19+08:00,健身打卡，力训练背1h。 ,0,3,0,上海,https://m.weibo.cn/detail/5255089939286999
449,5254730890875556,2026-01-13 20:55:35+08:00,健身打卡，力训1h，主要练腿。 ,0,1,0,上海,https://m.weibo.cn/detail/5254730890875556
450,5253996631824037,2026-01-11 20:17:54+08:00,健身打卡，今日力训60min，主要练胸，跑步机爬坡30min。 ,0,1,0,上海,https://m.weibo.cn/detail/5253996631824037
451,5272859670743996,2026-03-04 21:32:53+08:00,健身打卡，30min练背，1h椭圆机有氧。健身补卡：上周力训90min，爬坡30min+1节网球课。 ,0,1,0,上海,https://m.weibo.cn/detail/5272859670743996
452,5270292341457010,2026-02-25 19:31:13+08:00,健身打卡，力量训练60分钟：全身热身循环。 ,0,1,0,上海,https://m.weibo.cn/detail/5270292341457010
453,5265234073747659,2026-02-11 20:31:28+08:00,健身打卡，力训90min，练胸+腿。 ,0,1,0,上海,https://m.weibo.cn/detail/5265234073747659
454,5262701695860986,2026-02-04 20:48:42+08:00,健身打卡，力训一小时，主要练背。健身补卡，昨天练胸一小时。 ,0,1,0,上海,https://m.weibo.cn/detail/5262701695860986
455,5260165331821982,2026-01-28 20:50:07+08:00,健身打卡，练背1h。 ,0,1,0,上海,https://m.weibo.cn/detail/5260165331821982
456,5258690712046057,2026-01-24 19:10:30+08:00,健身打卡，力训练胸1h，跑步机爬坡30min。 ,0,1,0,上海,https://m.weibo.cn/detail/5258690712046057
457,5257263512032375,2026-01-20 20:39:19+08:00,健身打卡，今日力训练背1h。 ,0,1,0,上海,https://m.weibo.cn/detail/5257263512032375
458,5255089939286999,2026-01-14 20:42:19+08:00,健身打卡，力训练背1h。 ,0,3,0,上海,https://m.weibo.cn/detail/5255089939286999
459,5254730890875556,2026-01-13 20:55:35+08:00,健身打卡，力训1h，主要练腿。 ,0,1,0,上海,https://m.weibo.cn/detail/5254730890875556
460,5253996631824037,2026-01-11 20:17:54+08:00,健身打卡，今日力训60min，主要练胸，跑步机爬坡30min。 ,0,1,0,上海,https://m.weibo.cn/detail/5253996631824037
461,5272859670743996,2026-03-04 21:32:53+08:00,健身打卡，30min练背，1h椭圆机有氧。健身补卡：上周力训90min，爬坡30min+1节网球课。 ,0,1,0,上海,https://m.weibo.cn/detail/5272859670743996
462,5270292341457010,2026-02-25 19:31:13+08:00,健身打卡，力量训练60分钟：全身热身循环。 ,0,1,0,上海,https://m.weibo.cn/detail/5270292341457010
463,5265234073747659,2026-02-11 20:31:28+08:00,健身打卡，力训90min，练胸+腿。 ,0,1,0,上海,https://m.weibo.cn/detail/5265234073747659
464,5262701695860986,2026-02-04 20:48:42+08:00,健身打卡，力训一小时，主要练背。健身补卡，昨天练胸一小时。 ,0,1,0,上海,https://m.weibo.cn/detail/5262701695860986
465,5260165331821982,2026-01-28 20:50:07+08:00,健身打卡，练背1h。 ,0,1,0,上海,https://m.weibo.cn/detail/5260165331821982
466,5258690712046057,2026-01-24 19:10:30+08:00,健身打卡，力训练胸1h，跑步机爬坡30min。 ,0,1,0,上海,https://m.weibo.cn/detail/5258690712046057
467,5257263512032375,2026-01-20 20:39:19+08:00,健身打卡，今日力训练背1h。 ,0,1,0,上海,https://m.weibo.cn/detail/5257263512032375
468,5255089939286999,2026-01-14 20:42:19+08:00,健身打卡，力训练背1h。 ,0,3,0,上海,https://m.weibo.cn/detail/5255089939286999
469,5254730890875556,2026-01-13 20:55:35+08:00,健身打卡，力训1h，主要练腿。 ,0,1,0,上海,https://m.weibo.cn/detail/5254730890875556
470,5253996631824037,2026-01-11 20:17:54+08:00,健身打卡，今日力训60min，主要练胸，跑步机爬坡30min。 ,0,1,0,上海,https://m.weibo.cn/detail/5253996631824037
471,5272859670743996,2026-03-04 21:32:53+08:00,健身打卡，30min练背，1h椭圆机有氧。健身补卡：上周力训90min，爬坡30min+1节网球课。 ,0,1,0,上海,https://m.weibo.cn/detail/5272859670743996
472,5270292341457010,2026-02-25 19:31:13+08:00,健身打卡，力量训练60分钟：全身热身循环。 ,0,1,0,上海,https://m.weibo.cn/detail/5270292341457010
473,5265234073747659,2026-02-11 20:31:28+08:00,健身打卡，力训90min，练胸+腿。 ,0,1,0,上海,https://m.weibo.cn/detail/5265234073747659
474,5262701695860986,2026-02-04 20:48:42+08:00,健身打卡，力训一小时，主要练背。健身补卡，昨天练胸一小时。 ,0,1,0,上海,https://m.weibo.cn/detail/5262701695860986
475,5260165331821982,2026-01-28 20:50:07+08:00,健身打卡，练背1h。 ,0,1,0,上海,https://m.weibo.cn/detail/5260165331821982
476,5258690712046057,2026-01-24 19:10:30+08:00,健身打卡，力训练胸1h，跑步机爬坡30min。 ,0,1,0,上海,https://m.weibo.cn/detail/5258690712046057
477,5257263512032375,2026-01-20 20:39:19+08:00,健身打卡，今日力训练背1h。 ,0,1,0,上海,https://m.weibo.cn/detail/5257263512032375
478,5255089939286999,2026-01-14 20:42:19+08:00,健身打卡，力训练背1h。 ,0,3,0,上海,https://m.weibo.cn/detail/5255089939286999
479,5254730890875556,2026-01-13 20:55:35+08:00,健身打卡，力训1h，主要练腿。 ,0,1,0,上海,https://m.weibo.cn/detail/5254730890875556
480,5253996631824037,2026-01-11 20:17:54+08:00,健身打卡，今日力训60min，主要练胸，跑步机爬坡30min。 ,0,1,0,上海,https://m.weibo.cn/detail/5253996631824037
481,5272859670743996,2026-03-04 21:32:53+08:00,健身打卡，30min练背，1h椭圆机有氧。健身补卡：上周力训90min，爬坡30min+1节网球课。 ,0,1,0,上海,https://m.weibo.cn/detail/5272859670743996
482,5270292341457010,2026-02-25 19:31:13+08:00,健身打卡，力量训练60分钟：全身热身循环。 ,0,1,0,上海,https://m.weibo.cn/detail/5270292341457010
483,5265234073747659,2026-02-11 20:31:28+08:00,健身打卡，力训90min，练胸+腿。 ,0,1,0,上海,https://m.weibo.cn/detail/5265234073747659
484,5262701695860986,2026-02-04 20:48:42+08:00,健身打卡，力训一小时，主要练背。健身补卡，昨天练胸一小时。 ,0,1,0,上海,https://m.weibo.cn/detail/5262701695860986
485,5260165331821982,2026-01-28 20:50:07+08:00,健身打卡，练背1h。 ,0,1,0,上海,https://m.weibo.cn/detail/5260165331821982
486,5258690712046057,2026-01-24 19:10:30+08:00,健身打卡，力训练胸1h，跑步机爬坡30min。 ,0,1,0,上海,https://m.weibo.cn/detail/5258690712046057
487,5257263512032375,2026-01-20 20:39:19+08:00,健身打卡，今日力训练背1h。 ,0,1,0,上海,https://m.weibo.cn/detail/5257263512032375
488,5255089939286999,2026-01-14 20:42:19+08:00,健身打卡，力训练背1h。 ,0,3,0,上海,https://m.weibo.cn/detail/5255089939286999
489,5254730890875556,2026-01-13 20:55:35+08:00,健身打卡，力训1h，主要练腿。 ,0,1,0,上海,https://m.weibo.cn/detail/5254730890875556
490,5253996631824037,2026-01-11 20:17:54+08:00,健身打卡，今日力训60min，主要练胸，跑步机爬坡30min。 ,0,1,0,上海,https://m.weibo.cn/detail/5253996631824037
491,5272859670743996,2026-03-04 21:32:53+08:00,健身打卡，30min练背，1h椭圆机有氧。健身补卡：上周力训90min，爬坡30min+1节网球课。 ,0,1,0,上海,https://m.weibo.cn/detail/5272859670743996
492,5270292341457010,2026-02-25 19:31:13+08:00,健身打卡，力量训练60分钟：全身热身循环。 ,0,1,0,上海,https://m.weibo.cn/detail/5270292341457010
493,5265234073747659,2026-02-11 20:31:28+08:00,健身打卡，力训90min，练胸+腿。 ,0,1,0,上海,https://m.weibo.cn/detail/5265234073747659
494,5262701695860986,2026-02-04 20:48:42+08:00,健身打卡，力训一小时，主要练背。健身补卡，昨天练胸一小时。 ,0,1,0,上海,https://m.weibo.cn/detail/5262701695860986
495,5260165331821982,2026-01-28 20:50:07+08:00,健身打卡，练背1h。 ,0,1,0,上海,https://m.weibo.cn/detail/5260165331821982
496,5258690712046057,2026-01-24 19:10:30+08:00,健身打卡，力训练胸1h，跑步机爬坡30min。 ,0,1,0,上海,https://m.weibo.cn/detail/5258690712046057
497,5257263512032375,2026-01-20 20:39:19+08:00,健身打卡，今日力训练背1h。 ,0,1,0,上海,https://m.weibo.cn/detail/5257263512032375
498,5255089939286999,2026-01-14 20:42:19+08:00,健身打卡，力训练背1h。 ,0,3,0,上海,https://m.weibo.cn/detail/5255089939286999
499,5254730890875556,2026-01-13 20:55:35+08:00,健身打卡，力训1h，主要练腿。 ,0,1,0,上海,https://m.weibo.cn/detail/5254730890875556
500,5253996631824037,2026-01-11 20:17:54+08:00,健身打卡，今日力训60min，主要练胸，跑步机爬坡30min。 ,0,1,0,上海,https://m.weibo.cn/detail/5253996631824037
501,5272859670743996,2026-03-04 21:32:53+08:00,健身打卡，30min练背，1h椭圆机有氧。健身补卡：上周力训90min，爬坡30min+1节网球课。 ,0,1,0,上海,https://m.weibo.cn/detail/5272859670743996
502,5270292341457010,2026-02-25 19:31:13+08:00,健身打卡，力量训练60分钟：全身热身循环。 ,0,1,0,上海,https://m.weibo.cn/detail/5270292341457010
503,5265234073747659,2026-02-11 20:31:28+08:00,健身打卡，力训90min，练胸+腿。 ,0,1,0,上海,https://m.weibo.cn/detail/5265234073747659
504,5262701695860986,2026-02-04 20:48:42+08:00,健身打卡，力训一小时，主要练背。健身补卡，昨天练胸一小时。 ,0,1,0,上海,https://m.weibo.cn/detail/5262701695860986
505,5260165331821982,2026-01-28 20:50:07+08:00,健身打卡，练背1h。 ,0,1,0,上海,https://m.weibo.cn/detail/5260165331821982
506,5258690712046057,2026-01-24 19:10:30+08:00,健身打卡，力训练胸1h，跑步机爬坡30min。 ,0,1,0,上海,https://m.weibo.cn/detail/5258690712046057
507,5257263512032375,2026-01-20 20:39:19+08:00,健身打卡，今日力训练背1h。 ,0,1,0,上海,https://m.weibo.cn/detail/5257263512032375
508,5255089939286999,2026-01-14 20:42:19+08:00,健身打卡，力训练背1h。 ,0,3,0,上海,https://m.weibo.cn/detail/5255089939286999
509,5254730890875556,2026-01-13 20:55:35+08:00,健身打卡，力训1h，主要练腿。 ,0,1,0,上海,https://m.weibo.cn/detail/5254730890875556
510,5253996631824037,2026-01-11 20:17:54+08:00,健身打卡，今日力训60min，主要练胸，跑步机爬坡30min。 ,0,1,0,上海,https://m.weibo.cn/detail/5253996631824037
511,5272859670743996,2026-03-04 21:32:53+08:00,健身打卡，30min练背，1h椭圆机有氧。健身补卡：上周力训90min，爬坡30min+1节网球课。 ,0,1,0,上海,https://m.weibo.cn/detail/5272859670743996
512,5270292341457010,2026-02-25 19:31:13+08:00,健身打卡，力量训练60分钟：全身热身循环。 ,0,1,0,上海,https://m.weibo.cn/detail/5270292341457010
513,5265234073747659,2026-02-11 20:31:28+08:00,健身打卡，力训90min，练胸+腿。 ,0,1,0,上海,https://m.weibo.cn/detail/5265234073747659
514,5262701695860986,2026-02-04 20:48:42+08:00,健身打卡，力训一小时，主要练背。健身补卡，昨天练胸一小时。 ,0,1,0,上海,https://m.weibo.cn/detail/5262701695860986
515,5260165331821982,2026-01-28 20:50:07+08:00,健身打卡，练背1h。 ,0,1,0,上海,https://m.weibo.cn/detail/5260165331821982
516,5258690712046057,2026-01-24 19:10:30+08:00,健身打卡，力训练胸1h，跑步机爬坡30min。 ,0,1,0,上海,https://m.weibo.cn/detail/5258690712046057
517,5257263512032375,2026-01-20 20:39:19+08:00,健身打卡，今日力训练背1h。 ,0,1,0,上海,https://m.weibo.cn/detail/5257263512032375
518,5255089939286999,2026-01-14 20:42:19+08:00,健身打卡，力训练背1h。 ,0,3,0,上海,https://m.weibo.cn/detail/5255089939286999
519,5254730890875556,2026-01-13 20:55:35+08:00,健身打卡，力训1h，主要练腿。 ,0,1,0,上海,https://m.weibo.cn/detail/5254730890875556
520,5253996631824037,2026-01-11 20:17:54+08:00,健身打卡，今日力训60min，主要练胸，跑步机爬坡30min。 ,0,1,0,上海,https://m.weibo.cn/detail/5253996631824037
521,5272859670743996,2026-03-04 21:32:53+08:00,健身打卡，30min练背，1h椭圆机有氧。健身补卡：上周力训90min，爬坡30min+1节网球课。 ,0,1,0,上海,https://m.weibo.cn/detail/5272859670743996
522,5270292341457010,2026-02-25 19:31:13+08:00,健身打卡，力量训练60分钟：全身热身循环。 ,0,1,0,上海,https://m.weibo.cn/detail/5270292341457010
523,5265234073747659,2026-02-11 20:31:28+08:00,健身打卡，力训90min，练胸+腿。 ,0,1,0,上海,https://m.weibo.cn/detail/5265234073747659
524,5262701695860986,2026-02-04 20:48:42+08:00,健身打卡，力训一小时，主要练背。健身补卡，昨天练胸一小时。 ,0,1,0,上海,https://m.weibo.cn/detail/5262701695860986
525,5260165331821982,2026-01-28 20:50:07+08:00,健身打卡，练背1h。 ,0,1,0,上海,https://m.weibo.cn/detail/5260165331821982
526,5258690712046057,2026-01-24 19:10:30+08:00,健身打卡，力训练胸1h，跑步机爬坡30min。 ,0,1,0,上海,https://m.weibo.cn/detail/5258690712046057
527,5257263512032375,2026-01-20 20:39:19+08:00,健身打卡，今日力训练背1h。 ,0,1,0,上海,https://m.weibo.cn/detail/5257263512032375
528,5255089939286999,2026-01-14 20:42:19+08:00,健身打卡，力训练背1h。 ,0,3,0,上海,https://m.weibo.cn/detail/5255089939286999
529,5254730890875556,2026-01-13 20:55:35+08:00,健身打卡，力训1h，主要练腿。 ,0,1,0,上海,https://m.weibo.cn/detail/5254730890875556
530,5253996631824037,2026-01-11 20:17:54+08:00,健身打卡，今日力训60min，主要练胸，跑步机爬坡30min。 ,0,1,0,上海,https://m.weibo.cn/detail/5253996631824037
531,5272859670743996,2026-03-04 21:32:53+08:00,健身打卡，30min练背，1h椭圆机有氧。健身补卡：上周力训90min，爬坡30min+1节网球课。 ,0,1,0,上海,https://m.weibo.cn/detail/5272859670743996
532,5270292341457010,2026-02-25 19:31:13+08:00,健身打卡，力量训练60分钟：全身热身循环。 ,0,1,0,上海,https://m.weibo.cn/detail/5270292341457010
533,5265234073747659,2026-02-11 20:31:28+08:00,健身打卡，力训90min，练胸+腿。 ,0,1,0,上海,https://m.weibo.cn/detail/5265234073747659
534,5262701695860986,2026-02-04 20:48:42+08:00,健身打卡，力训一小时，主要练背。健身补卡，昨天练胸一小时。 ,0,1,0,上海,https://m.weibo.cn/detail/5262701695860986
535,5260165331821982,2026-01-28 20:50:07+08:00,健身打卡，练背1h。 ,0,1,0,上海,https://m.weibo.cn/detail/5260165331821982
536,5258690712046057,2026-01-24 19:10:30+08:00,健身打卡，力训练胸1h，跑步机爬坡30min。 ,0,1,0,上海,https://m.weibo.cn/detail/5258690712046057
537,5257263512032375,2026-01-20 20:39:19+08:00,健身打卡，今日力训练背1h。 ,0,1,0,上海,https://m.weibo.cn/detail/5257263512032375
538,5255089939286999,2026-01-14 20:42:19+08:00,健身打卡，力训练背1h。 ,0,3,0,上海,https://m.weibo.cn/detail/5255089939286999
539,5254730890875556,2026-01-13 20:55:35+08:00,健身打卡，力训1h，主要练腿。 ,0,1,0,上海,https://m.weibo.cn/detail/5254730890875556
540,5253996631824037,2026-01-11 20:17:54+08:00,健身打卡，今日力训60min，主要练胸，跑步机爬坡30min。 ,0,1,0,上海,https://m.weibo.cn/detail/5253996631824037
541,5272859670743996,2026-03-04 21:32:53+08:00,健身打卡，30min练背，1h椭圆机有氧。健身补卡：上周力训90min，爬坡30min+1节网球课。 ,0,1,0,上海,https://m.weibo.cn/detail/5272859670743996
542,5270292341457010,2026-02-25 19:31:13+08:00,健身打卡，力量训练60分钟：全身热身循环。 ,0,1,0,上海,https://m.weibo.cn/detail/5270292341457010
543,5265234073747659,2026-02-11 20:31:28+08:00,健身打卡，力训90min，练胸+腿。 ,0,1,0,上海,https://m.weibo.cn/detail/5265234073747659
544,5262701695860986,2026-02-04 20:48:42+08:00,健身打卡，力训一小时，主要练背。健身补卡，昨天练胸一小时。 ,0,1,0,上海,https://m.weibo.cn/detail/5262701695860986
545,5260165331821982,2026-01-28 20:50:07+08:00,健身打卡，练背1h。 ,0,1,0,上海,https://m.weibo.cn/detail/5260165331821982
546,5258690712046057,2026-01-24 19:10:30+08:00,健身打卡，力训练胸1h，跑步机爬坡30min。 ,0,1,0,上海,https://m.weibo.cn/detail/5258690712046057
547,5257263512032375,2026-01-20 20:39:19+08:00,健身打卡，今日力训练背1h。 ,0,1,0,上海,https://m.weibo.cn/detail/5257263512032375
548,5255089939286999,2026-01-14 20:42:19+08:00,健身打卡，力训练背1h。 ,0,3,0,上海,https://m.weibo.cn/detail/5255089939286999
549,5254730890875556,2026-01-13 20:55:35+08:00,健身打卡，力训1h，主要练腿。 ,0,1,0,上海,https://m.weibo.cn/detail/5254730890875556
550,5253996631824037,2026-01-11 20:17:54+08:00,健身打卡，今日力训60min，主要练胸，跑步机爬坡30min。 ,0,1,0,上海,https://m.weibo.cn/detail/5253996631824037
551,5272859670743996,2026-03-04 21:32:53+08:00,健身打卡，30min练背，1h椭圆机有氧。健身补卡：上周力训90min，爬坡30min+1节网球课。 ,0,1,0,上海,https://m.weibo.cn/detail/5272859670743996
552,5270292341457010,2026-02-25 19:31:13+08:00,健身打卡，力量训练60分钟：全身热身循环。 ,0,1,0,上海,https://m.weibo.cn/detail/5270292341457010
553,5265234073747659,2026-02-11 20:31:28+08:00,健身打卡，力训90min，练胸+腿。 ,0,1,0,上海,https://m.weibo.cn/detail/5265234073747659
554,5262701695860986,2026-02-04 20:48:42+08:00,健身打卡，力训一小时，主要练背。健身补卡，昨天练胸一小时。 ,0,1,0,上海,https://m.weibo.cn/detail/5262701695860986
555,5260165331821982,2026-01-28 20:50:07+08:00,健身打卡，练背1h。 ,0,1,0,上海,https://m.weibo.cn/detail/5260165331821982
556,5258690712046057,2026-01-24 19:10:30+08:00,健身打卡，力训练胸1h，跑步机爬坡30min。 ,0,1,0,上海,https://m.weibo.cn/detail/5258690712046057
557,5257263512032375,2026-01-20 20:39:19+08:00,健身打卡，今日力训练背1h。 ,0,1,0,上海,https://m.weibo.cn/detail/5257263512032375
558,5255089939286999,2026-01-14 20:42:19+08:00,健身打卡，力训练背1h。 ,0,3,0,上海,https://m.weibo.cn/detail/5255089939286999
559,5254730890875556,2026-01-13 20:55:35+08:00,健身打卡，力训1h，主要练腿。 ,0,1,0,上海,https://m.weibo.cn/detail/5254730890875556
560,5253996631824037,2026-01-11 20:17:54+08:00,健身打卡，今日力训60min，主要练胸，跑步机爬坡30min。 ,0,1,0,上海,https://m.weibo.cn/detail/5253996631824037
561,5272859670743996,2026-03-04 21:32:53+08:00,健身打卡，30min练背，1h椭圆机有氧。健身补卡：上周力训90min，爬坡30min+1节网球课。 ,0,1,0,上海,https://m.weibo.cn/detail/5272859670743996
562,5270292341457010,2026-02-25 19:31:13+08:00,健身打卡，力量训练60分钟：全身热身循环。 ,0,1,0,上海,https://m.weibo.cn/detail/5270292341457010
563,5265234073747659,2026-02-11 20:31:28+08:00,健身打卡，力训90min，练胸+腿。 ,0,1,0,上海,https://m.weibo.cn/detail/5265234073747659
564,5262701695860986,2026-02-04 20:48:42+08:00,健身打卡，力训一小时，主要练背。健身补卡，昨天练胸一小时。 ,0,1,0,上海,https://m.weibo.cn/detail/5262701695860986
565,5260165331821982,2026-01-28 20:50:07+08:00,健身打卡，练背1h。 ,0,1,0,上海,https://m.weibo.cn/detail/5260165331821982
566,5258690712046057,2026-01-24 19:10:30+08:00,健身打卡，力训练胸1h，跑步机爬坡30min。 ,0,1,0,上海,https://m.weibo.cn/detail/5258690712046057
567,5257263512032375,2026-01-20 20:39:19+08:00,健身打卡，今日力训练背1h。 ,0,1,0,上海,https://m.weibo.cn/detail/5257263512032375
568,5255089939286999,2026-01-14 20:42:19+08:00,健身打卡，力训练背1h。 ,0,3,0,上海,https://m.weibo.cn/detail/5255089939286999
569,5254730890875556,2026-01-13 20:55:35+08:00,健身打卡，力训1h，主要练腿。 ,0,1,0,上海,https://m.weibo.cn/detail/5254730890875556
570,5253996631824037,2026-01-11 20:17:54+08:00,健身打卡，今日力训60min，主要练胸，跑步机爬坡30min。 ,0,1,0,上海,https://m.weibo.cn/detail/5253996631824037
571,5272859670743996,2026-03-04 21:32:53+08:00,健身打卡，30min练背，1h椭圆机有氧。健身补卡：上周力训90min，爬坡30min+1节网球课。 ,0,1,0,上海,https://m.weibo.cn/detail/5272859670743996
572,5270292341457010,2026-02-25 19:31:13+08:00,健身打卡，力量训练60分钟：全身热身循环。 ,0,1,0,上海,https://m.weibo.cn/detail/5270292341457010
573,5265234073747659,2026-02-11 20:31:28+08:00,健身打卡，力训90min，练胸+腿。 ,0,1,0,上海,https://m.weibo.cn/detail/5265234073747659
574,5262701695860986,2026-02-04 20:48:42+08:00,健身打卡，力训一小时，主要练背。健身补卡，昨天练胸一小时。 ,0,1,0,上海,https://m.weibo.cn/detail/5262701695860986
575,5260165331821982,2026-01-28 20:50:07+08:00,健身打卡，练背1h。 ,0,1,0,上海,https://m.weibo.cn/detail/5260165331821982
576,5258690712046057,2026-01-24 19:10:30+08:00,健身打卡，力训练胸1h，跑步机爬坡30min。 ,0,1,0,上海,https://m.weibo.cn/detail/5258690712046057
577,5257263512032375,2026-01-20 20:39:19+08:00,健身打卡，今日力训练背1h。 ,0,1,0,上海,https://m.weibo.cn/detail/5257263512032375
578,5255089939286999,2026-01-14 20:42:19+08:00,健身打卡，力训练背1h。 ,0,3,0,上海,https://m.weibo.cn/detail/5255089939286999
579,5254730890875556,2026-01-13 20:55:35+08:00,健身打卡，力训1h，主要练腿。 ,0,1,0,上海,https://m.weibo.cn/detail/5254730890875556
580,5253996631824037,2026-01-11 20:17:54+08:00,健身打卡，今日力训60min，主要练胸，跑步机爬坡30min。 ,0,1,0,上海,https://m.weibo.cn/detail/5253996631824037
581,5272859670743996,2026-03-04 21:32:53+08:00,健身打卡，30min练背，1h椭圆机有氧。健身补卡：上周力训90min，爬坡30min+1节网球课。 ,0,1,0,上海,https://m.weibo.cn/detail/5272859670743996
582,5270292341457010,2026-02-25 19:31:13+08:00,健身打卡，力量训练60分钟：全身热身循环。 ,0,1,0,上海,https://m.weibo.cn/detail/5270292341457010
583,5265234073747659,2026-02-11 20:31:28+08:00,健身打卡，力训90min，练胸+腿。 ,0,1,0,上海,https://m.weibo.cn/detail/5265234073747659
584,5262701695860986,2026-02-04 20:48:42+08:00,健身打卡，力训一小时，主要练背。健身补卡，昨天练胸一小时。 ,0,1,0,上海,https://m.weibo.cn/detail/5262701695860986
585,5260165331821982,2026-01-28 20:50:07+08:00,健身打卡，练背1h。 ,0,1,0,上海,https://m.weibo.cn/detail/5260165331821982
586,5258690712046057,2026-01-24 19:10:30+08:00,健身打卡，力训练胸1h，跑步机爬坡30min。 ,0,1,0,上海,https://m.weibo.cn/detail/5258690712046057
587,5257263512032375,2026-01-20 20:39:19+08:00,健身打卡，今日力训练背1h。 ,0,1,0,上海,https://m.weibo.cn/detail/5257263512032375
588,5255089939286999,2026-01-14 20:42:19+08:00,健身打卡，力训练背1h。 ,0,3,0,上海,https://m.weibo.cn/detail/5255089939286999
589,5254730890875556,2026-01-13 20:55:35+08:00,健身打卡，力训1h，主要练腿。 ,0,1,0,上海,https://m.weibo.cn/detail/5254730890875556
590,5253996631824037,2026-01-11 20:17:54+08:00,健身打卡，今日力训60min，主要练胸，跑步机爬坡30min。 ,0,1,0,上海,https://m.weibo.cn/detail/5253996631824037
591,5272859670743996,2026-03-04 21:32:53+08:00,健身打卡，30min练背，1h椭圆机有氧。健身补卡：上周力训90min，爬坡30min+1节网球课。 ,0,1,0,上海,https://m.weibo.cn/detail/5272859670743996
592,5270292341457010,2026-02-25 19:31:13+08:00,健身打卡，力量训练60分钟：全身热身循环。 ,0,1,0,上海,https://m.weibo.cn/detail/5270292341457010
593,5265234073747659,2026-02-11 20:31:28+08:00,健身打卡，力训90min，练胸+腿。 ,0,1,0,上海,https://m.weibo.cn/detail/5265234073747659
594,5262701695860986,2026-02-04 20:48:42+08:00,健身打卡，力训一小时，主要练背。健身补卡，昨天练胸一小时。 ,0,1,0,上海,https://m.weibo.cn/detail/5262701695860986
595,5260165331821982,2026-01-28 20:50:07+08:00,健身打卡，练背1h。 ,0,1,0,上海,https://m.weibo.cn/detail/5260165331821982
596,5258690712046057,2026-01-24 19:10:30+08:00,健身打卡，力训练胸1h，跑步机爬坡30min。 ,0,1,0,上海,https://m.weibo.cn/detail/5258690712046057
597,5257263512032375,2026-01-20 20:39:19+08:00,健身打卡，今日力训练背1h。 ,0,1,0,上海,https://m.weibo.cn/detail/5257263512032375
598,5255089939286999,2026-01-14 20:42:19+08:00,健身打卡，力训练背1h。 ,0,3,0,上海,https://m.weibo.cn/detail/5255089939286999
599,5254730890875556,2026-01-13 20:55:35+08:00,健身打卡，力训1h，主要练腿。 ,0,1,0,上海,https://m.weibo.cn/detail/5254730890875556
600,5253996631824037,2026-01-11 20:17:54+08:00,健身打卡，今日力训60min，主要练胸，跑步机爬坡30min。 ,0,1,0,上海,https://m.weibo.cn/detail/5253996631824037
